0,j_?Release@CDeviceFinderCallback@@UAGKXZ,5,0,1,1,1
1,j_?OnSubscribe@CGenericUCPDlg@@IAEXXZ,5,0,1,1,1
2,j_??0?$CTraceCategoryEx@$0BAA@$0A@@ATL@@QAE@PB_W@Z,5,0,1,1,1
3,j_?OnOk@CSCPDDisplay@@IAEXXZ,5,0,1,1,1
4,j_?_InterlockedIncrement@@YAKPCK@Z,5,0,1,1,1
5,j_??0?$CTraceCategoryEx@$0CA@$0A@@ATL@@QAE@PB_W@Z,5,0,1,1,1
6,j_??0_ATL_COM_MODULE70@ATL@@QAE@XZ,5,0,1,1,1
7,j_??0?$CTraceCategoryEx@$0EAA@$0A@@ATL@@QAE@PB_W@Z,5,0,1,1,1
8,j_?fFileExists@CGenericUCPDlg@@AAEHPA_W@Z,5,0,1,1,1
9,j_?GetMessageMap@CSCPDDisplay@@MBEPBUAFX_MSGMAP@@XZ,5,0,1,1,1
10,j_?AddDevice@CGenericUCPDlg@@QAEXPAUIUPnPDevice@@@Z,5,0,1,1,1
11,j_??_GCDeviceFinderCallback@@QAEPAXI@Z,5,0,1,1,1
12,j_??0CGenericUCPDlg@@QAE@PAVCWnd@@@Z,5,0,1,1,1
13,j_??$AtlMultiply@K@ATL@@YAJPAKKK@Z,5,0,1,1,1
14,j_?iNumberOfInArguments@CGenericUCPDlg@@AAEHPA_W@Z,5,0,1,1,1
15,j_?OnFindbyUDN@CGenericUCPDlg@@IAEXXZ,5,0,1,1,1
16,j_?OnFindByType@CGenericUCPDlg@@IAEXXZ,5,0,1,1,1
17,j_?StaticInitialize@CAtlStringMgr@ATL@@CA_NXZ,5,0,1,1,1
18,j_?OnSelEndOkComboDevice@CGenericUCPDlg@@IAEXXZ,5,0,1,1,1
19,j_?OnInitDialog@CDeviceProp@@MAEHXZ,5,0,1,1,1
20,j_??0?$CTraceCategoryEx@$01$0A@@ATL@@QAE@PB_W@Z,5,0,1,1,1
21,j_?OnInitDialog@CGenericUCPDlg@@MAEHXZ,5,0,1,1,1
22,j_?AddRef@CUPnPAsyncResult@@UAGKXZ,5,0,1,1,1
23,j_??0IUPnPServiceCallback@@QAE@XZ,5,0,1,1,1
24,j_?DeviceRemoved@CDeviceFinderCallback@@UAGJJPA_W@Z,5,0,1,1,1
25,j_??1CServiceCallback@@QAE@XZ,5,0,1,1,1
26,j_?GetCategoryName@CTrace@ATL@@CAPA_WI@Z,5,0,1,1,1
27,j_??0?$CTraceCategoryEx@$0IAAAA@$0A@@ATL@@QAE@PB_W@Z,5,0,1,1,1
28,j_?Free@CWin32Heap@ATL@@UAEXPAX@Z,5,0,1,1,1
29,j_??_ECSCPDDisplay@@UAEPAXI@Z,5,0,1,1,1
30,j_?OnSysCommand@CGenericUCPDlg@@IAEXIJ@Z,5,0,1,1,1
31,j_?StateVariableChanged@CServiceCallback@@UAGJPAUIUPnPService@@PB_WUtagVARIANT@@@Z,5,0,1,1,1
32,j_?OnAppAbout@CGenericUCPDlg@@IAEXXZ,5,0,1,1,1
33,j_?SupportsApplicationRecovery@CWinApp@@UBEHXZ,5,0,1,1,1
34,j_?HrDestroyArgVariants@@YAJKPAPAPAUtagVARIANT@@@Z,5,0,1,1,1
35,j_?ServiceInstanceDied@CServiceCallback@@UAGJPAUIUPnPService@@@Z,5,0,1,1,1
36,j_??RCTraceFileAndLineInfo@ATL@@QBAXPB_WZZ,5,0,1,1,1
37,j_??__FstrMgr@?1??GetInstance@CAtlStringMgr@ATL@@SAPAUIAtlStringMgr@2@XZ@YAXXZ,5,0,1,1,1
38,j_?OnDiscoveryClicked@CGenericUCPDlg@@IAEXXZ,5,0,1,1,1
39,j_?Clone@CAtlStringMgr@ATL@@UAEPAUIAtlStringMgr@2@XZ,5,0,1,1,1
40,j_?DoDataExchange@CSCPDDisplay@@MAEXPAVCDataExchange@@@Z,5,0,1,1,1
41,j_??0?$CTraceCategoryEx@$0EAAAAA@$0A@@ATL@@QAE@PB_W@Z,5,0,1,1,1
42,j_?ReleaseObj@@YAXPAUIUnknown@@@Z,5,0,1,1,1
43,j_?OnInvokeAsyncAction@CGenericUCPDlg@@AAEXPA_WHUtagVARIANT@@@Z,5,0,1,1,1
44,j_??_ECAboutDlg@@UAEPAXI@Z,5,0,1,1,1
45,j_??1CUPnPAsyncResult@@QAE@XZ,5,0,1,1,1
46,j_??_ECWin32Heap@ATL@@UAEPAXI@Z,5,0,1,1,1
47,j_?SearchComplete@CDeviceFinderCallback@@UAGJJ@Z,5,0,1,1,1
48,j_??0?$CTraceCategoryEx@$0BA@$0A@@ATL@@QAE@PB_W@Z,5,0,1,1,1
49,j_??B?$CTraceCategoryEx@$00$0A@@ATL@@QAEIXZ,5,0,1,1,1
50,j_?_AtlRaiseException@ATL@@YAXKK@Z,5,0,1,1,1
51,j_?Allocate@CWin32Heap@ATL@@UAEPAXI@Z,5,0,1,1,1
52,j_??1CAtlComModule@ATL@@QAE@XZ,5,0,1,1,1
53,j_??$AtlAdd@I@ATL@@YAJPAIII@Z,5,0,1,1,1
54,j_??0CAboutDlg@@QAE@XZ,5,0,1,1,1
55,j_?SetDialogPointer@CServiceCallback@@QAEXPAVCGenericUCPDlg@@@Z,5,0,1,1,1
56,j_?ProcessFindByType@CGenericUCPDlg@@AAEXPA_W@Z,5,0,1,1,1
57,j_??1_ATL_COM_MODULE70@ATL@@QAE@XZ,5,0,1,1,1
58,j_??0?$CTraceCategoryEx@$0BAAAA@$0A@@ATL@@QAE@PB_W@Z,5,0,1,1,1
59,j_?GetThisMessageMap@CAboutDlg@@KGPBUAFX_MSGMAP@@XZ,5,0,1,1,1
60,j_?Free@CCRTAllocator@ATL@@SAXPAX@Z,5,0,1,1,1
61,j_??1_ATL_WIN_MODULE70@ATL@@QAE@XZ,5,0,1,1,1
62,j_??1CGenericUCPDlg@@UAE@XZ,5,0,1,1,1
63,j_??_GCDeviceProp@@UAEPAXI@Z,5,0,1,1,1
64,j_??0?$CSimpleArray@GV?$CSimpleArrayEqualHelper@G@ATL@@@ATL@@QAE@XZ,5,0,1,1,1
65,j_?OnAsyncFind@CGenericUCPDlg@@IAEXXZ,5,0,1,1,1
66,j_?OnInvokeSyncAction@CGenericUCPDlg@@AAEXPA_WHUtagVARIANT@@@Z,5,0,1,1,1
67,j_?Width@CRect@@QBEHXZ,5,0,1,1,1
68,j_?_AtlInitializeCriticalSectionEx@ATL@@YAHPAU_RTL_CRITICAL_SECTION@@KK@Z,5,0,1,1,1
69,j_??_GCAtlStringMgr@ATL@@UAEPAXI@Z,5,0,1,1,1
70,j_??1CWin32Heap@ATL@@UAE@XZ,5,0,1,1,1
71,j_??1?$CSimpleArray@GV?$CSimpleArrayEqualHelper@G@ATL@@@ATL@@QAE@XZ,5,0,1,1,1
72,j_?GetThisMessageMap@CGenericUCPApp@@KGPBUAFX_MSGMAP@@XZ,5,0,1,1,1
73,j_?VariantSetArray@@YAXPAUtagSAFEARRAY@@AAUtagVARIANT@@@Z,5,0,1,1,1
74,j_?ClearDeviceCombo@CGenericUCPDlg@@AAEXXZ,5,0,1,1,1
75,j_?Reallocate@CWin32Heap@ATL@@UAEPAXPAXI@Z,5,0,1,1,1
76,j_?OnPaint@CGenericUCPDlg@@IAEXXZ,5,0,1,1,1
77,j_??1CAtlStringMgr@ATL@@UAE@XZ,5,0,1,1,1
78,j_??0_ATL_WIN_MODULE70@ATL@@QAE@XZ,5,0,1,1,1
79,j_?SupportsRestartManager@CWinApp@@UBEHXZ,5,0,1,1,1
80,j_?DeviceAdded@CDeviceFinderCallback@@UAGJJPAUIUPnPDevice@@@Z,5,0,1,1,1
81,j_??0CUPnPAsyncResult@@QAE@XZ,5,0,1,1,1
82,j_?Init@CUPnPAsyncResult@@QAGJXZ,5,0,1,1,1
83,j_??_GCServiceCallback@@QAEPAXI@Z,5,0,1,1,1
84,j_??0?$CTraceCategoryEx@$03$0A@@ATL@@QAE@PB_W@Z,5,0,1,1,1
85,j_?AddRef@CStringData@ATL@@QAEXXZ,5,0,1,1,1
86,j_?GetApplicationRecoveryParameter@CWinApp@@UAEPAXXZ,5,0,1,1,1
87,j_?QueryInterface@CUPnPAsyncResult@@UAGJABU_GUID@@PAPAX@Z,5,0,1,1,1
88,j_?GetSize@CWin32Heap@ATL@@UAEIPAX@Z,5,0,1,1,1
89,j_??1?$CHeapPtr@_WVCCRTAllocator@ATL@@@ATL@@QAE@XZ,5,0,1,1,1
90,j_?OnSelEndOkComboService@CGenericUCPDlg@@IAEXXZ,5,0,1,1,1
91,j_??0IUPnPDeviceFinderCallback@@QAE@XZ,5,0,1,1,1
92,j_?QueryInterface@CServiceCallback@@UAGJABU_GUID@@PAPAX@Z,5,0,1,1,1
93,j_?GetMessageMap@CAboutDlg@@MBEPBUAFX_MSGMAP@@XZ,5,0,1,1,1
94,j_?RegisterCategory@CTrace@ATL@@SAXPB_WI@Z,5,0,1,1,1
95,j_?HrCreateSafeArray@@YAJGHPAPAUtagSAFEARRAY@@@Z,5,0,1,1,1
96,j_?GetApplicationRecoveryPingInterval@CWinApp@@UAEKXZ,5,0,1,1,1
97,j_??0CComCriticalSection@ATL@@QAE@XZ,5,0,1,1,1
98,j_?QueryInterface@CDeviceFinderCallback@@UAGJABU_GUID@@PAPAX@Z,5,0,1,1,1
99,j_??1CDeviceProp@@UAE@XZ,5,0,1,1,1
100,j_??__FstrHeap@?1??GetInstance@CAtlStringMgr@ATL@@SAPAUIAtlStringMgr@2@XZ@YAXXZ,5,0,1,1,1
101,j_?Term@CAtlComModule@ATL@@QAEXXZ,5,0,1,1,1
102,j_?OnCloseClick@CGenericUCPDlg@@IAEXXZ,5,0,1,1,1
103,j_?SafeStrCopy@@YAXPA_WPB_WI@Z,5,0,1,1,1
104,j_?RestoreAutosavedFilesAtRestart@CWinApp@@UBEHXZ,5,0,1,1,1
105,j_?InitInstance@CGenericUCPApp@@UAEHXZ,5,0,1,1,1
106,j_?ExitInstance@CGenericUCPApp@@UAEHXZ,5,0,1,1,1
107,j_??1CSCPDDisplay@@UAE@XZ,5,0,1,1,1
108,j_?AddRef@CServiceCallback@@UAGKXZ,5,0,1,1,1
109,j_?Release@CServiceCallback@@UAGKXZ,5,0,1,1,1
110,j_??0?$CHeapPtrBase@_WVCCRTAllocator@ATL@@@ATL@@IAE@XZ,5,0,1,1,1
111,j_??1?$CHeapPtrBase@_WVCCRTAllocator@ATL@@@ATL@@QAE@XZ,5,0,1,1,1
112,j_?_InterlockedDecrement@@YAKPCK@Z,5,0,1,1,1
113,j_?Free@CAtlStringMgr@ATL@@UAEXPAUCStringData@2@@Z,5,0,1,1,1
114,j_?GetMessageMap@CDeviceProp@@MBEPBUAFX_MSGMAP@@XZ,5,0,1,1,1
115,j_?HrCreateArgVariants@@YAJKPAPAPAUtagVARIANT@@@Z,5,0,1,1,1
116,j_?OnQueryVariableAsync@CGenericUCPDlg@@AAEXPA_WH@Z,5,0,1,1,1
117,j_?AddRef@CDeviceFinderCallback@@UAGKXZ,5,0,1,1,1
118,j_??0CAtlComModule@ATL@@QAE@XZ,5,0,1,1,1
119,j_?OnQueryVariable@CGenericUCPDlg@@IAEXXZ,5,0,1,1,1
120,j_?GetThisMessageMap@CSCPDDisplay@@KGPBUAFX_MSGMAP@@XZ,5,0,1,1,1
121,j_?GetNilString@CAtlStringMgr@ATL@@UAEPAUCStringData@2@XZ,5,0,1,1,1
122,j_??0?$CTraceCategoryEx@$0CAAAAA@$0A@@ATL@@QAE@PB_W@Z,5,0,1,1,1
123,j_?GetHandle@CUPnPAsyncResult@@QAEPAXXZ,5,0,1,1,1
124,j_??0?$CTraceCategoryEx@$07$0A@@ATL@@QAE@PB_W@Z,5,0,1,1,1
125,j_??0?$CTraceCategoryEx@$0BAAA@$0A@@ATL@@QAE@PB_W@Z,5,0,1,1,1
126,j_??0CAtlStringMgr@ATL@@QAE@PAUIAtlMemMgr@1@@Z,5,0,1,1,1
127,j_?OnQueryVariableSync@CGenericUCPDlg@@AAEXPA_WH@Z,5,0,1,1,1
128,j_??1CAboutDlg@@UAE@XZ,5,0,1,1,1
129,j_?GetModuleInstance@CAtlBaseModule@ATL@@QAEPAUHINSTANCE__@@XZ,5,0,1,1,1
130,j_??_ECGenericUCPDlg@@UAEPAXI@Z,5,0,1,1,1
131,j_??_GCUPnPAsyncResult@@QAEPAXI@Z,5,0,1,1,1
132,j_?_AfxInitManaged@@YAHXZ,5,0,1,1,1
133,j_?Create@CDeviceFinderCallback@@SAPAV1@XZ,5,0,1,1,1
134,j_?OnInvokeAction@CGenericUCPDlg@@IAEXXZ,5,0,1,1,1
135,j_?TraceV@CTrace@ATL@@SAXPBDHIIPB_WPAD@Z,5,0,1,1,1
136,j_?Init@CComCriticalSection@ATL@@QAEJXZ,5,0,1,1,1
137,j_?Allocate@?$CHeapPtr@_WVCCRTAllocator@ATL@@@ATL@@QAE_NI@Z,5,0,1,1,1
138,j_??0CAtlWinModule@ATL@@QAE@XZ,5,0,1,1,1
139,j_?Release@CUPnPAsyncResult@@UAGKXZ,5,0,1,1,1
140,j_?SetDialogPointer@CDeviceFinderCallback@@QAEXPAVCGenericUCPDlg@@@Z,5,0,1,1,1
141,j_?OnInitDialog@CSCPDDisplay@@MAEHXZ,5,0,1,1,1
142,j_?InitializeDevTypeArray@CGenericUCPDlg@@AAEXXZ,5,0,1,1,1
143,j_?HrGetVariantElement@@YAJPAUtagSAFEARRAY@@HPAUtagVARIANT@@@Z,5,0,1,1,1
144,j_?GetSize@?$CSimpleArray@GV?$CSimpleArrayEqualHelper@G@ATL@@@ATL@@QBEHXZ,5,0,1,1,1
145,j_??1CAtlWinModule@ATL@@QAE@XZ,5,0,1,1,1
146,j_??_ECWin32Heap@ATL@@UAEPAXI@Z_0,5,0,1,1,1
147,j_??_ECGenericUCPDlg@@UAEPAXI@Z_0,5,0,1,1,1
148,j_?PrintTextToEditBox@CDeviceProp@@AAEXPAVCEdit@@PA_WJ@Z,5,0,1,1,1
149,j_?Create@CServiceCallback@@SAPAV1@XZ,5,0,1,1,1
150,j_?OnCheckBoxClick@CGenericUCPDlg@@IAEXXZ,5,0,1,1,1
151,j_??A?$CSimpleArray@GV?$CSimpleArrayEqualHelper@G@ATL@@@ATL@@QAEAAGH@Z,5,0,1,1,1
152,j_?GetThisMessageMap@CDeviceProp@@KGPBUAFX_MSGMAP@@XZ,5,0,1,1,1
153,j_?Reallocate@CAtlStringMgr@ATL@@UAEPAUCStringData@2@PAU32@HH@Z,5,0,1,1,1
154,j_??0IUPnPAsyncResult@@QAE@XZ,5,0,1,1,1
155,j_?DoDataExchange@CDeviceProp@@MAEXPAVCDataExchange@@@Z,5,0,1,1,1
156,j____,5,0,1,1,1
157,j_??0CSCPDDisplay@@QAE@PA_WPAVCWnd@@@Z,5,0,1,1,1
158,j_??0?$CTraceCategoryEx@$0CAA@$0A@@ATL@@QAE@PB_W@Z,5,0,1,1,1
159,j_?HrGetSafeArrayBounds@@YAJPAUtagSAFEARRAY@@PAJ1@Z,5,0,1,1,1
160,j_?OnViewSCPD@CGenericUCPDlg@@IAEXXZ,5,0,1,1,1
161,j_?Term@CComCriticalSection@ATL@@QAEJXZ,5,0,1,1,1
162,j_??0?$CTraceCategoryEx@$0IAA@$0A@@ATL@@QAE@PB_W@Z,5,0,1,1,1
163,j_??0CServiceCallback@@QAE@XZ,5,0,1,1,1
164,j_??1CGenericUCPApp@@UAE@XZ,5,0,1,1,1
165,j_?ClearAllDataStructures@CGenericUCPDlg@@AAEXH@Z,5,0,1,1,1
166,j_?DoDataExchange@CAboutDlg@@MAEXPAVCDataExchange@@@Z,5,0,1,1,1
167,j_?PreTranslateMessage@CGenericUCPDlg@@MAEHPAUtagMSG@@@Z,5,0,1,1,1
168,j_?Allocate@CCRTAllocator@ATL@@SAPAXI@Z,5,0,1,1,1
169,j_??0CDeviceFinderCallback@@QAE@XZ,5,0,1,1,1
170,j_?GetMessageMap@CGenericUCPApp@@MBEPBUAFX_MSGMAP@@XZ,5,0,1,1,1
171,j_?ProcessAsyncFind@CGenericUCPDlg@@AAEXPA_W@Z,5,0,1,1,1
172,j_??_ECSCPDDisplay@@UAEPAXI@Z_0,5,0,1,1,1
173,j_?OnClose@CGenericUCPDlg@@IAEXXZ,5,0,1,1,1
174,j_?TraceV@CTrace@ATL@@CAXPBDHIIPB_W@Z,5,0,1,1,1
175,j_??0CGenericUCPApp@@QAE@XZ,5,0,1,1,1
176,j_??B?$CTraceCategoryEx@$0CA@$0A@@ATL@@QAEIXZ,5,0,1,1,1
177,j_??0?$CHeapPtr@_WVCCRTAllocator@ATL@@@ATL@@QAE@XZ,5,0,1,1,1
178,j_??0?$CTraceCategoryEx@$0EAAAA@$0A@@ATL@@QAE@PB_W@Z,5,0,1,1,1
179,j_?GetInstance@CAtlStringMgr@ATL@@SAPAUIAtlStringMgr@2@XZ,5,0,1,1,1
180,j_?OnOk@CDeviceProp@@IAEXXZ,5,0,1,1,1
181,j_?GetThisMessageMap@CGenericUCPDlg@@KGPBUAFX_MSGMAP@@XZ,5,0,1,1,1
182,j_??B?$CHeapPtrBase@_WVCCRTAllocator@ATL@@@ATL@@QBEPA_WXZ,5,0,1,1,1
183,j_??0CDeviceProp@@QAE@PAUIUPnPDevice@@PAVCWnd@@@Z,5,0,1,1,1
184,j__IsEqualGUID,5,0,1,1,1
185,j_?RemoveAll@?$CSimpleArray@GV?$CSimpleArrayEqualHelper@G@ATL@@@ATL@@QAEXXZ,5,0,1,1,1
186,j_?ReopenPreviousFilesAtRestart@CWinApp@@UBEHXZ,5,0,1,1,1
187,j_?SetManager@CNilStringData@ATL@@QAEXPAUIAtlStringMgr@2@@Z,5,0,1,1,1
188,j_??0?$CTraceCategoryEx@$0IAAA@$0A@@ATL@@QAE@PB_W@Z,5,0,1,1,1
189,j_??0?$CTraceCategoryEx@$00$0A@@ATL@@QAE@PB_W@Z,5,0,1,1,1
190,j_?Term@CAtlWinModule@ATL@@QAEXXZ,5,0,1,1,1
191,j_?StopAsyncFindIfStarted@CGenericUCPDlg@@AAEXXZ,5,0,1,1,1
192,j_?SupportsAutosaveAtInterval@CWinApp@@UBEHXZ,5,0,1,1,1
193,j_??_ECAboutDlg@@UAEPAXI@Z_0,5,0,1,1,1
194,j_??_GCGenericUCPApp@@UAEPAXI@Z,5,0,1,1,1
195,j_??$AtlMultiply@I@ATL@@YAJPAIII@Z,5,0,1,1,1
196,j_??1CComCriticalSection@ATL@@QAE@XZ,5,0,1,1,1
197,j_?Allocate@CAtlStringMgr@ATL@@UAEPAUCStringData@2@HH@Z,5,0,1,1,1
198,j_?SupportsAutosaveAtRestart@CWinApp@@UBEHXZ,5,0,1,1,1
199,j_??0CTraceFileAndLineInfo@ATL@@QAE@PBDH@Z,5,0,1,1,1
200,j_??B?$CTraceCategoryEx@$01$0A@@ATL@@QAEIXZ,5,0,1,1,1
201,j_??0?$CTraceCategoryEx@$0IA@$0A@@ATL@@QAE@PB_W@Z,5,0,1,1,1
202,j_?AsyncOperationComplete@CUPnPAsyncResult@@UAGJ_K@Z,5,0,1,1,1
203,j_??0CRect@@QAE@XZ,5,0,1,1,1
204,j_?OnQueryDragIcon@CGenericUCPDlg@@IAEPAUHICON__@@XZ,5,0,1,1,1
205,j_??0IUnknown@@QAE@XZ,5,0,1,1,1
206,j_??_GCGenericUCPApp@@UAEPAXI@Z_0,5,0,1,1,1
207,j_??_GCAtlStringMgr@ATL@@UAEPAXI@Z_0,5,0,1,1,1
208,j_??0CWin32Heap@ATL@@QAE@PAX@Z,5,0,1,1,1
209,j__HRESULT_FROM_WIN32,5,0,1,1,1
210,j_?AllocateBytes@?$CHeapPtrBase@_WVCCRTAllocator@ATL@@@ATL@@QAE_NI@Z,5,0,1,1,1
211,j_??0?$CTraceCategoryEx@$0BAAAAA@$0A@@ATL@@QAE@PB_W@Z,5,0,1,1,1
212,j_??$AtlAdd@K@ATL@@YAJPAKKK@Z,5,0,1,1,1
213,j_??0?$CTraceCategoryEx@$0CAAAA@$0A@@ATL@@QAE@PB_W@Z,5,0,1,1,1
214,j_?Height@CRect@@QBEHXZ,5,0,1,1,1
215,j_?GetApplicationRestartFlags@CWinApp@@UAEKXZ,5,0,1,1,1
216,j_??RCTraceFileAndLineInfo@ATL@@QBAXHIPB_WZZ,5,0,1,1,1
217,j_??$AtlAlignUp@H@ATL@@YGHHK@Z,5,0,1,1,1
218,j_?AtlWinModuleInit@ATL@@YGJPAU_ATL_WIN_MODULE70@1@@Z,5,0,1,1,1
219,j_?ProcessFindByUDN@CGenericUCPDlg@@AAEXPA_W@Z,5,0,1,1,1
220,j_?VariantSetVar@@YAXPAUtagVARIANT@@AAU1@@Z,5,0,1,1,1
221,j_??_GCDeviceProp@@UAEPAXI@Z_0,5,0,1,1,1
222,j_?RemoveDevice@CGenericUCPDlg@@QAEXPA_W@Z,5,0,1,1,1
223,j_?OnDevpropClick@CGenericUCPDlg@@IAEXXZ,5,0,1,1,1
224,j_?DoDataExchange@CGenericUCPDlg@@MAEXPAVCDataExchange@@@Z,5,0,1,1,1
225,j_??0?$CTraceCategoryEx@$0EA@$0A@@ATL@@QAE@PB_W@Z,5,0,1,1,1
226,j_?PrintErrorText@@YAXJ@Z,5,0,1,1,1
227,j_??1CDeviceFinderCallback@@QAE@XZ,5,0,1,1,1
228,j_??0CNilStringData@ATL@@QAE@XZ,5,0,1,1,1
229,j_??0?$CTraceCategoryEx@$0EAAA@$0A@@ATL@@QAE@PB_W@Z,5,0,1,1,1
230,j_?InitializeUDNList@CGenericUCPDlg@@AAEXXZ,5,0,1,1,1
231,j_?AtlWinModuleTerm@ATL@@YGJPAU_ATL_WIN_MODULE70@1@PAUHINSTANCE__@@@Z,5,0,1,1,1
232,j_??$AtlAdd@H@ATL@@YAJPAHHH@Z,5,0,1,1,1
233,j_?GetMessageMap@CGenericUCPDlg@@MBEPBUAFX_MSGMAP@@XZ,5,0,1,1,1
234,j_?Free@?$CHeapPtrBase@_WVCCRTAllocator@ATL@@@ATL@@QAEXXZ,5,0,1,1,1
235,j_?ClearServiceCombo@CGenericUCPDlg@@AAEXXZ,5,0,1,1,1
236,j_??0?$CTraceCategoryEx@$0CAAA@$0A@@ATL@@QAE@PB_W@Z,5,0,1,1,1
237,_dynamic_initializer_for__ATL::CAtlStringMgr::isInitialized__,60,0,2,21,1
238,ATL::_dynamic_initializer_for___AtlComModule__,73,0,3,24,1
239,ATL::_dynamic_initializer_for___AtlWinModule__,73,0,3,24,1
240,ATL::_dynamic_initializer_for__atlTraceAllocation__,65,0,2,22,1
241,ATL::_dynamic_initializer_for__atlTraceCOM__,65,0,2,22,1
242,ATL::_dynamic_initializer_for__atlTraceCache__,65,0,2,22,1
243,ATL::_dynamic_initializer_for__atlTraceControls__,65,0,2,22,1
244,ATL::_dynamic_initializer_for__atlTraceDBClient__,65,0,2,22,1
245,ATL::_dynamic_initializer_for__atlTraceDBProvider__,65,0,2,22,1
246,ATL::_dynamic_initializer_for__atlTraceException__,65,0,2,22,1
247,ATL::_dynamic_initializer_for__atlTraceGeneral__,65,0,2,22,1
248,ATL::_dynamic_initializer_for__atlTraceHosting__,65,0,2,22,1
249,ATL::_dynamic_initializer_for__atlTraceISAPI__,65,0,2,22,1
250,ATL::_dynamic_initializer_for__atlTraceMap__,65,0,2,22,1
251,ATL::_dynamic_initializer_for__atlTraceNotImpl__,65,0,2,22,1
252,ATL::_dynamic_initializer_for__atlTraceQI__,65,0,2,22,1
253,ATL::_dynamic_initializer_for__atlTraceRefcount__,65,0,2,22,1
254,ATL::_dynamic_initializer_for__atlTraceRegistrar__,65,0,2,22,1
255,ATL::_dynamic_initializer_for__atlTraceSecurity__,65,0,2,22,1
256,ATL::_dynamic_initializer_for__atlTraceSnapin__,65,0,2,22,1
257,ATL::_dynamic_initializer_for__atlTraceStencil__,65,0,2,22,1
258,ATL::_dynamic_initializer_for__atlTraceString__,65,0,2,22,1
259,ATL::_dynamic_initializer_for__atlTraceSync__,65,0,2,22,1
260,ATL::_dynamic_initializer_for__atlTraceTime__,65,0,2,22,1
261,ATL::_dynamic_initializer_for__atlTraceUtil__,65,0,2,22,1
262,ATL::_dynamic_initializer_for__atlTraceWindowing__,65,0,2,22,1
263,_dynamic_initializer_for__ATL::CAtlStringMgr::isInitialized___0,60,0,2,21,1
264,ATL::_dynamic_initializer_for___AtlComModule___0,73,0,3,24,1
265,ATL::_dynamic_initializer_for___AtlWinModule___0,73,0,3,24,1
266,ATL::_dynamic_initializer_for__atlTraceAllocation___0,65,0,2,22,1
267,ATL::_dynamic_initializer_for__atlTraceCOM___0,65,0,2,22,1
268,ATL::_dynamic_initializer_for__atlTraceCache___0,65,0,2,22,1
269,ATL::_dynamic_initializer_for__atlTraceControls___0,65,0,2,22,1
270,ATL::_dynamic_initializer_for__atlTraceDBClient___0,65,0,2,22,1
271,ATL::_dynamic_initializer_for__atlTraceDBProvider___0,65,0,2,22,1
272,ATL::_dynamic_initializer_for__atlTraceException___0,65,0,2,22,1
273,ATL::_dynamic_initializer_for__atlTraceGeneral___0,65,0,2,22,1
274,ATL::_dynamic_initializer_for__atlTraceHosting___0,65,0,2,22,1
275,ATL::_dynamic_initializer_for__atlTraceISAPI___0,65,0,2,22,1
276,ATL::_dynamic_initializer_for__atlTraceMap___0,65,0,2,22,1
277,ATL::_dynamic_initializer_for__atlTraceNotImpl___0,65,0,2,22,1
278,ATL::_dynamic_initializer_for__atlTraceQI___0,65,0,2,22,1
279,ATL::_dynamic_initializer_for__atlTraceRefcount___0,65,0,2,22,1
280,ATL::_dynamic_initializer_for__atlTraceRegistrar___0,65,0,2,22,1
281,ATL::_dynamic_initializer_for__atlTraceSecurity___0,65,0,2,22,1
282,ATL::_dynamic_initializer_for__atlTraceSnapin___0,65,0,2,22,1
283,ATL::_dynamic_initializer_for__atlTraceStencil___0,65,0,2,22,1
284,ATL::_dynamic_initializer_for__atlTraceString___0,65,0,2,22,1
285,ATL::_dynamic_initializer_for__atlTraceSync___0,65,0,2,22,1
286,ATL::_dynamic_initializer_for__atlTraceTime___0,65,0,2,22,1
287,ATL::_dynamic_initializer_for__atlTraceUtil___0,65,0,2,22,1
288,ATL::_dynamic_initializer_for__atlTraceWindowing___0,65,0,2,22,1
289,_dynamic_initializer_for__theApp__,73,0,3,24,1
290,_dynamic_initializer_for__ATL::CAtlStringMgr::isInitialized___1,60,0,2,21,1
291,ATL::_dynamic_initializer_for___AtlComModule___1,73,0,3,24,1
292,ATL::_dynamic_initializer_for___AtlWinModule___1,73,0,3,24,1
293,ATL::_dynamic_initializer_for__atlTraceAllocation___1,65,0,2,22,1
294,ATL::_dynamic_initializer_for__atlTraceCOM___1,65,0,2,22,1
295,ATL::_dynamic_initializer_for__atlTraceCache___1,65,0,2,22,1
296,ATL::_dynamic_initializer_for__atlTraceControls___1,65,0,2,22,1
297,ATL::_dynamic_initializer_for__atlTraceDBClient___1,65,0,2,22,1
298,ATL::_dynamic_initializer_for__atlTraceDBProvider___1,65,0,2,22,1
299,ATL::_dynamic_initializer_for__atlTraceException___1,65,0,2,22,1
300,ATL::_dynamic_initializer_for__atlTraceGeneral___1,65,0,2,22,1
301,ATL::_dynamic_initializer_for__atlTraceHosting___1,65,0,2,22,1
302,ATL::_dynamic_initializer_for__atlTraceISAPI___1,65,0,2,22,1
303,ATL::_dynamic_initializer_for__atlTraceMap___1,65,0,2,22,1
304,ATL::_dynamic_initializer_for__atlTraceNotImpl___1,65,0,2,22,1
305,ATL::_dynamic_initializer_for__atlTraceQI___1,65,0,2,22,1
306,ATL::_dynamic_initializer_for__atlTraceRefcount___1,65,0,2,22,1
307,ATL::_dynamic_initializer_for__atlTraceRegistrar___1,65,0,2,22,1
308,ATL::_dynamic_initializer_for__atlTraceSecurity___1,65,0,2,22,1
309,ATL::_dynamic_initializer_for__atlTraceSnapin___1,65,0,2,22,1
310,ATL::_dynamic_initializer_for__atlTraceStencil___1,65,0,2,22,1
311,ATL::_dynamic_initializer_for__atlTraceString___1,65,0,2,22,1
312,ATL::_dynamic_initializer_for__atlTraceSync___1,65,0,2,22,1
313,ATL::_dynamic_initializer_for__atlTraceTime___1,65,0,2,22,1
314,ATL::_dynamic_initializer_for__atlTraceUtil___1,65,0,2,22,1
315,ATL::_dynamic_initializer_for__atlTraceWindowing___1,65,0,2,22,1
316,_dynamic_initializer_for__ATL::CAtlStringMgr::isInitialized___2,60,0,2,21,1
317,ATL::_dynamic_initializer_for___AtlComModule___2,73,0,3,24,1
318,ATL::_dynamic_initializer_for___AtlWinModule___2,73,0,3,24,1
319,ATL::_dynamic_initializer_for__atlTraceAllocation___2,65,0,2,22,1
320,ATL::_dynamic_initializer_for__atlTraceCOM___2,65,0,2,22,1
321,ATL::_dynamic_initializer_for__atlTraceCache___2,65,0,2,22,1
322,ATL::_dynamic_initializer_for__atlTraceControls___2,65,0,2,22,1
323,ATL::_dynamic_initializer_for__atlTraceDBClient___2,65,0,2,22,1
324,ATL::_dynamic_initializer_for__atlTraceDBProvider___2,65,0,2,22,1
325,ATL::_dynamic_initializer_for__atlTraceException___2,65,0,2,22,1
326,ATL::_dynamic_initializer_for__atlTraceGeneral___2,65,0,2,22,1
327,ATL::_dynamic_initializer_for__atlTraceHosting___2,65,0,2,22,1
328,ATL::_dynamic_initializer_for__atlTraceISAPI___2,65,0,2,22,1
329,ATL::_dynamic_initializer_for__atlTraceMap___2,65,0,2,22,1
330,ATL::_dynamic_initializer_for__atlTraceNotImpl___2,65,0,2,22,1
331,ATL::_dynamic_initializer_for__atlTraceQI___2,65,0,2,22,1
332,ATL::_dynamic_initializer_for__atlTraceRefcount___2,65,0,2,22,1
333,ATL::_dynamic_initializer_for__atlTraceRegistrar___2,65,0,2,22,1
334,ATL::_dynamic_initializer_for__atlTraceSecurity___2,65,0,2,22,1
335,ATL::_dynamic_initializer_for__atlTraceSnapin___2,65,0,2,22,1
336,ATL::_dynamic_initializer_for__atlTraceStencil___2,65,0,2,22,1
337,ATL::_dynamic_initializer_for__atlTraceString___2,65,0,2,22,1
338,ATL::_dynamic_initializer_for__atlTraceSync___2,65,0,2,22,1
339,ATL::_dynamic_initializer_for__atlTraceTime___2,65,0,2,22,1
340,ATL::_dynamic_initializer_for__atlTraceUtil___2,65,0,2,22,1
341,ATL::_dynamic_initializer_for__atlTraceWindowing___2,65,0,2,22,1
342,_dynamic_initializer_for__ATL::CAtlStringMgr::isInitialized___3,60,0,2,21,1
343,ATL::_dynamic_initializer_for___AtlComModule___3,73,0,3,24,1
344,ATL::_dynamic_initializer_for___AtlWinModule___3,73,0,3,24,1
345,ATL::_dynamic_initializer_for__atlTraceAllocation___3,65,0,2,22,1
346,ATL::_dynamic_initializer_for__atlTraceCOM___3,65,0,2,22,1
347,ATL::_dynamic_initializer_for__atlTraceCache___3,65,0,2,22,1
348,ATL::_dynamic_initializer_for__atlTraceControls___3,65,0,2,22,1
349,ATL::_dynamic_initializer_for__atlTraceDBClient___3,65,0,2,22,1
350,ATL::_dynamic_initializer_for__atlTraceDBProvider___3,65,0,2,22,1
351,ATL::_dynamic_initializer_for__atlTraceException___3,65,0,2,22,1
352,ATL::_dynamic_initializer_for__atlTraceGeneral___3,65,0,2,22,1
353,ATL::_dynamic_initializer_for__atlTraceHosting___3,65,0,2,22,1
354,ATL::_dynamic_initializer_for__atlTraceISAPI___3,65,0,2,22,1
355,ATL::_dynamic_initializer_for__atlTraceMap___3,65,0,2,22,1
356,ATL::_dynamic_initializer_for__atlTraceNotImpl___3,65,0,2,22,1
357,ATL::_dynamic_initializer_for__atlTraceQI___3,65,0,2,22,1
358,ATL::_dynamic_initializer_for__atlTraceRefcount___3,65,0,2,22,1
359,ATL::_dynamic_initializer_for__atlTraceRegistrar___3,65,0,2,22,1
360,ATL::_dynamic_initializer_for__atlTraceSecurity___3,65,0,2,22,1
361,ATL::_dynamic_initializer_for__atlTraceSnapin___3,65,0,2,22,1
362,ATL::_dynamic_initializer_for__atlTraceStencil___3,65,0,2,22,1
363,ATL::_dynamic_initializer_for__atlTraceString___3,65,0,2,22,1
364,ATL::_dynamic_initializer_for__atlTraceSync___3,65,0,2,22,1
365,ATL::_dynamic_initializer_for__atlTraceTime___3,65,0,2,22,1
366,ATL::_dynamic_initializer_for__atlTraceUtil___3,65,0,2,22,1
367,ATL::_dynamic_initializer_for__atlTraceWindowing___3,65,0,2,22,1
368,_dynamic_initializer_for__ATL::CAtlStringMgr::isInitialized___4,60,0,2,21,1
369,ATL::_dynamic_initializer_for___AtlComModule___4,73,0,3,24,1
370,ATL::_dynamic_initializer_for___AtlWinModule___4,73,0,3,24,1
371,ATL::_dynamic_initializer_for__atlTraceAllocation___4,65,0,2,22,1
372,ATL::_dynamic_initializer_for__atlTraceCOM___4,65,0,2,22,1
373,ATL::_dynamic_initializer_for__atlTraceCache___4,65,0,2,22,1
374,ATL::_dynamic_initializer_for__atlTraceControls___4,65,0,2,22,1
375,ATL::_dynamic_initializer_for__atlTraceDBClient___4,65,0,2,22,1
376,ATL::_dynamic_initializer_for__atlTraceDBProvider___4,65,0,2,22,1
377,ATL::_dynamic_initializer_for__atlTraceException___4,65,0,2,22,1
378,ATL::_dynamic_initializer_for__atlTraceGeneral___4,65,0,2,22,1
379,ATL::_dynamic_initializer_for__atlTraceHosting___4,65,0,2,22,1
380,ATL::_dynamic_initializer_for__atlTraceISAPI___4,65,0,2,22,1
381,ATL::_dynamic_initializer_for__atlTraceMap___4,65,0,2,22,1
382,ATL::_dynamic_initializer_for__atlTraceNotImpl___4,65,0,2,22,1
383,ATL::_dynamic_initializer_for__atlTraceQI___4,65,0,2,22,1
384,ATL::_dynamic_initializer_for__atlTraceRefcount___4,65,0,2,22,1
385,ATL::_dynamic_initializer_for__atlTraceRegistrar___4,65,0,2,22,1
386,ATL::_dynamic_initializer_for__atlTraceSecurity___4,65,0,2,22,1
387,ATL::_dynamic_initializer_for__atlTraceSnapin___4,65,0,2,22,1
388,ATL::_dynamic_initializer_for__atlTraceStencil___4,65,0,2,22,1
389,ATL::_dynamic_initializer_for__atlTraceString___4,65,0,2,22,1
390,ATL::_dynamic_initializer_for__atlTraceSync___4,65,0,2,22,1
391,ATL::_dynamic_initializer_for__atlTraceTime___4,65,0,2,22,1
392,ATL::_dynamic_initializer_for__atlTraceUtil___4,65,0,2,22,1
393,ATL::_dynamic_initializer_for__atlTraceWindowing___4,65,0,2,22,1
394,_dynamic_initializer_for__ATL::CAtlStringMgr::isInitialized___5,22,0,2,8,1
395,ATL::_dynamic_initializer_for___AtlComModule___5,35,0,3,11,1
396,ATL::_dynamic_initializer_for___AtlWinModule___5,35,0,3,11,1
397,ATL::_dynamic_initializer_for__atlTraceAllocation___5,27,0,2,9,1
398,ATL::_dynamic_initializer_for__atlTraceCOM___5,27,0,2,9,1
399,ATL::_dynamic_initializer_for__atlTraceCache___5,27,0,2,9,1
400,ATL::_dynamic_initializer_for__atlTraceControls___5,27,0,2,9,1
401,ATL::_dynamic_initializer_for__atlTraceDBClient___5,27,0,2,9,1
402,ATL::_dynamic_initializer_for__atlTraceDBProvider___5,27,0,2,9,1
403,ATL::_dynamic_initializer_for__atlTraceException___5,27,0,2,9,1
404,ATL::_dynamic_initializer_for__atlTraceGeneral___5,27,0,2,9,1
405,ATL::_dynamic_initializer_for__atlTraceHosting___5,27,0,2,9,1
406,ATL::_dynamic_initializer_for__atlTraceISAPI___5,27,0,2,9,1
407,ATL::_dynamic_initializer_for__atlTraceMap___5,27,0,2,9,1
408,ATL::_dynamic_initializer_for__atlTraceNotImpl___5,27,0,2,9,1
409,ATL::_dynamic_initializer_for__atlTraceQI___5,27,0,2,9,1
410,ATL::_dynamic_initializer_for__atlTraceRefcount___5,27,0,2,9,1
411,ATL::_dynamic_initializer_for__atlTraceRegistrar___5,27,0,2,9,1
412,ATL::_dynamic_initializer_for__atlTraceSecurity___5,27,0,2,9,1
413,ATL::_dynamic_initializer_for__atlTraceSnapin___5,27,0,2,9,1
414,ATL::_dynamic_initializer_for__atlTraceStencil___5,27,0,2,9,1
415,ATL::_dynamic_initializer_for__atlTraceString___5,27,0,2,9,1
416,ATL::_dynamic_initializer_for__atlTraceSync___5,27,0,2,9,1
417,ATL::_dynamic_initializer_for__atlTraceTime___5,27,0,2,9,1
418,ATL::_dynamic_initializer_for__atlTraceUtil___5,27,0,2,9,1
419,ATL::_dynamic_initializer_for__atlTraceWindowing___5,27,0,2,9,1
420,_dynamic_initializer_for__ATL::CAtlStringMgr::isInitialized___6,22,0,2,8,1
421,ATL::_dynamic_initializer_for___AtlComModule___6,35,0,3,11,1
422,ATL::_dynamic_initializer_for___AtlWinModule___6,35,0,3,11,1
423,ATL::_dynamic_initializer_for__atlTraceAllocation___6,27,0,2,9,1
424,ATL::_dynamic_initializer_for__atlTraceCOM___6,27,0,2,9,1
425,ATL::_dynamic_initializer_for__atlTraceCache___6,27,0,2,9,1
426,ATL::_dynamic_initializer_for__atlTraceControls___6,27,0,2,9,1
427,ATL::_dynamic_initializer_for__atlTraceDBClient___6,27,0,2,9,1
428,ATL::_dynamic_initializer_for__atlTraceDBProvider___6,27,0,2,9,1
429,ATL::_dynamic_initializer_for__atlTraceException___6,27,0,2,9,1
430,ATL::_dynamic_initializer_for__atlTraceGeneral___6,27,0,2,9,1
431,ATL::_dynamic_initializer_for__atlTraceHosting___6,27,0,2,9,1
432,ATL::_dynamic_initializer_for__atlTraceISAPI___6,27,0,2,9,1
433,ATL::_dynamic_initializer_for__atlTraceMap___6,27,0,2,9,1
434,ATL::_dynamic_initializer_for__atlTraceNotImpl___6,27,0,2,9,1
435,ATL::_dynamic_initializer_for__atlTraceQI___6,27,0,2,9,1
436,ATL::_dynamic_initializer_for__atlTraceRefcount___6,27,0,2,9,1
437,ATL::_dynamic_initializer_for__atlTraceRegistrar___6,27,0,2,9,1
438,ATL::_dynamic_initializer_for__atlTraceSecurity___6,27,0,2,9,1
439,ATL::_dynamic_initializer_for__atlTraceSnapin___6,27,0,2,9,1
440,ATL::_dynamic_initializer_for__atlTraceStencil___6,27,0,2,9,1
441,ATL::_dynamic_initializer_for__atlTraceString___6,27,0,2,9,1
442,ATL::_dynamic_initializer_for__atlTraceSync___6,27,0,2,9,1
443,ATL::_dynamic_initializer_for__atlTraceTime___6,27,0,2,9,1
444,ATL::_dynamic_initializer_for__atlTraceUtil___6,27,0,2,9,1
445,ATL::_dynamic_initializer_for__atlTraceWindowing___6,27,0,2,9,1
446,ATL::_dynamic_initializer_for___AtlBaseModule__,22,0,2,6,1
447,_dynamic_initializer_for__ATL::CAtlStringMgr::isInitialized___7,22,0,2,8,1
448,ATL::_dynamic_initializer_for___AtlComModule___7,35,0,3,11,1
449,ATL::_dynamic_initializer_for___AtlWinModule___7,35,0,3,11,1
450,_dynamic_initializer_for___afxInitAppState__,29,0,2,10,1
451,ATL::_dynamic_initializer_for__atlTraceAllocation___7,27,0,2,9,1
452,ATL::_dynamic_initializer_for__atlTraceCOM___7,27,0,2,9,1
453,ATL::_dynamic_initializer_for__atlTraceCache___7,27,0,2,9,1
454,ATL::_dynamic_initializer_for__atlTraceControls___7,27,0,2,9,1
455,ATL::_dynamic_initializer_for__atlTraceDBClient___7,27,0,2,9,1
456,ATL::_dynamic_initializer_for__atlTraceDBProvider___7,27,0,2,9,1
457,ATL::_dynamic_initializer_for__atlTraceException___7,27,0,2,9,1
458,ATL::_dynamic_initializer_for__atlTraceGeneral___7,27,0,2,9,1
459,ATL::_dynamic_initializer_for__atlTraceHosting___7,27,0,2,9,1
460,ATL::_dynamic_initializer_for__atlTraceISAPI___7,27,0,2,9,1
461,ATL::_dynamic_initializer_for__atlTraceMap___7,27,0,2,9,1
462,ATL::_dynamic_initializer_for__atlTraceNotImpl___7,27,0,2,9,1
463,ATL::_dynamic_initializer_for__atlTraceQI___7,27,0,2,9,1
464,ATL::_dynamic_initializer_for__atlTraceRefcount___7,27,0,2,9,1
465,ATL::_dynamic_initializer_for__atlTraceRegistrar___7,27,0,2,9,1
466,ATL::_dynamic_initializer_for__atlTraceSecurity___7,27,0,2,9,1
467,ATL::_dynamic_initializer_for__atlTraceSnapin___7,27,0,2,9,1
468,ATL::_dynamic_initializer_for__atlTraceStencil___7,27,0,2,9,1
469,ATL::_dynamic_initializer_for__atlTraceString___7,27,0,2,9,1
470,ATL::_dynamic_initializer_for__atlTraceSync___7,27,0,2,9,1
471,ATL::_dynamic_initializer_for__atlTraceTime___7,27,0,2,9,1
472,ATL::_dynamic_initializer_for__atlTraceUtil___7,27,0,2,9,1
473,ATL::_dynamic_initializer_for__atlTraceWindowing___7,27,0,2,9,1
474,?OnOk@CDeviceProp@@IAEXXZ,65,0,2,25,1
475,?_AfxInitManaged@@YAHXZ,39,0,0,17,1
476,??$AtlAdd@H@ATL@@YAJPAHHH@Z,91,0,2,32,2
477,??$AtlAdd@I@ATL@@YAJPAIII@Z,89,0,2,32,2
478,??$AtlAdd@K@ATL@@YAJPAKKK@Z,89,0,2,32,2
479,??$AtlAlignUp@H@ATL@@YGHHK@Z,59,0,0,23,1
480,??$AtlMultiply@I@ATL@@YAJPAIII@Z,99,0,2,35,3
481,??$AtlMultiply@K@ATL@@YAJPAKKK@Z,99,0,2,35,3
482,??0?$CHeapPtr@_WVCCRTAllocator@ATL@@@ATL@@QAE@XZ,66,0,2,25,1
483,??0?$CHeapPtrBase@_WVCCRTAllocator@ATL@@@ATL@@IAE@XZ,54,0,0,22,1
484,??0?$CSimpleArray@GV?$CSimpleArrayEqualHelper@G@ATL@@@ATL@@QAE@XZ,74,0,0,26,1
485,??0?$CTraceCategoryEx@$00$0A@@ATL@@QAE@PB_W@Z,74,0,2,28,1
486,??0?$CTraceCategoryEx@$01$0A@@ATL@@QAE@PB_W@Z,74,0,2,28,1
487,??0?$CTraceCategoryEx@$03$0A@@ATL@@QAE@PB_W@Z,74,0,2,28,1
488,??0?$CTraceCategoryEx@$07$0A@@ATL@@QAE@PB_W@Z,74,0,2,28,1
489,??0?$CTraceCategoryEx@$0BA@$0A@@ATL@@QAE@PB_W@Z,74,0,2,28,1
490,??0?$CTraceCategoryEx@$0BAA@$0A@@ATL@@QAE@PB_W@Z,77,0,2,28,1
491,??0?$CTraceCategoryEx@$0BAAA@$0A@@ATL@@QAE@PB_W@Z,77,0,2,28,1
492,??0?$CTraceCategoryEx@$0BAAAA@$0A@@ATL@@QAE@PB_W@Z,77,0,2,28,1
493,??0?$CTraceCategoryEx@$0BAAAAA@$0A@@ATL@@QAE@PB_W@Z,77,0,2,28,1
494,??0?$CTraceCategoryEx@$0CA@$0A@@ATL@@QAE@PB_W@Z,74,0,2,28,1
495,??0?$CTraceCategoryEx@$0CAA@$0A@@ATL@@QAE@PB_W@Z,77,0,2,28,1
496,??0?$CTraceCategoryEx@$0CAAA@$0A@@ATL@@QAE@PB_W@Z,77,0,2,28,1
497,??0?$CTraceCategoryEx@$0CAAAA@$0A@@ATL@@QAE@PB_W@Z,77,0,2,28,1
498,??0?$CTraceCategoryEx@$0CAAAAA@$0A@@ATL@@QAE@PB_W@Z,77,0,2,28,1
499,??0?$CTraceCategoryEx@$0EA@$0A@@ATL@@QAE@PB_W@Z,74,0,2,28,1
500,??0?$CTraceCategoryEx@$0EAA@$0A@@ATL@@QAE@PB_W@Z,77,0,2,28,1
501,??0?$CTraceCategoryEx@$0EAAA@$0A@@ATL@@QAE@PB_W@Z,77,0,2,28,1
502,??0?$CTraceCategoryEx@$0EAAAA@$0A@@ATL@@QAE@PB_W@Z,77,0,2,28,1
503,??0?$CTraceCategoryEx@$0EAAAAA@$0A@@ATL@@QAE@PB_W@Z,77,0,2,28,1
504,??0?$CTraceCategoryEx@$0IA@$0A@@ATL@@QAE@PB_W@Z,77,0,2,28,1
505,??0?$CTraceCategoryEx@$0IAA@$0A@@ATL@@QAE@PB_W@Z,77,0,2,28,1
506,??0?$CTraceCategoryEx@$0IAAA@$0A@@ATL@@QAE@PB_W@Z,77,0,2,28,1
507,??0?$CTraceCategoryEx@$0IAAAA@$0A@@ATL@@QAE@PB_W@Z,77,0,2,28,1
508,??0CAtlComModule@ATL@@QAE@XZ,238,0,6,70,4
509,??0CAtlStringMgr@ATL@@QAE@PAUIAtlMemMgr@1@@Z,104,0,3,36,1
510,??0CAtlWinModule@ATL@@QAE@XZ,161,0,3,52,4
511,??0CComCriticalSection@ATL@@QAE@XZ,74,0,2,29,1
512,??0CDeviceProp@@QAE@PAUIUPnPDevice@@PAVCWnd@@@Z,423,0,4,110,1
513,??0CNilStringData@ATL@@QAE@XZ,120,0,0,38,1
514,??0CTraceFileAndLineInfo@ATL@@QAE@PBDH@Z,64,0,0,26,1
515,??0CWin32Heap@ATL@@QAE@PAX@Z,136,0,1,46,3
516,??0_ATL_COM_MODULE70@ATL@@QAE@XZ,69,0,2,26,1
517,??0_ATL_WIN_MODULE70@ATL@@QAE@XZ,136,0,3,43,1
518,??1?$CHeapPtr@_WVCCRTAllocator@ATL@@@ATL@@QAE@XZ,63,0,2,24,1
519,??1?$CHeapPtrBase@_WVCCRTAllocator@ATL@@@ATL@@QAE@XZ,63,0,2,24,1
520,??1?$CSimpleArray@GV?$CSimpleArrayEqualHelper@G@ATL@@@ATL@@QAE@XZ,63,0,2,24,1
521,??1CAtlComModule@ATL@@QAE@XZ,127,0,3,40,1
522,??1CAtlStringMgr@ATL@@UAE@XZ,58,0,0,22,1
523,??1CAtlWinModule@ATL@@QAE@XZ,127,0,3,40,1
524,??1CComCriticalSection@ATL@@QAE@XZ,42,0,0,19,1
525,??1CDeviceProp@@UAE@XZ,397,0,4,103,1
526,??1CWin32Heap@ATL@@UAE@XZ,160,0,1,55,5
527,??1_ATL_COM_MODULE70@ATL@@QAE@XZ,66,0,2,25,1
528,??1_ATL_WIN_MODULE70@ATL@@QAE@XZ,133,0,3,42,1
529,??A?$CSimpleArray@GV?$CSimpleArrayEqualHelper@G@ATL@@@ATL@@QAEAAGH@Z,162,0,2,55,6
530,??B?$CHeapPtrBase@_WVCCRTAllocator@ATL@@@ATL@@QBEPA_WXZ,47,0,0,21,1
531,??B?$CTraceCategoryEx@$01$0A@@ATL@@QAEIXZ,47,0,0,20,1
532,??B?$CTraceCategoryEx@$0CA@$0A@@ATL@@QAEIXZ,47,0,0,20,1
533,??RCTraceFileAndLineInfo@ATL@@QBAXHIPB_WZZ,100,0,2,38,1
534,??_GCAtlStringMgr@ATL@@UAEPAXI@Z,88,0,3,32,2
535,??_GCDeviceProp@@UAEPAXI@Z,85,0,3,31,2
536,??_ECWin32Heap@ATL@@UAEPAXI@Z,88,0,3,32,2
537,?AddRef@CStringData@ATL@@QAEXXZ,124,0,1,43,3
538,?Allocate@?$CHeapPtr@_WVCCRTAllocator@ATL@@@ATL@@QAE_NI@Z,192,0,4,45,2
539,?Allocate@CAtlStringMgr@ATL@@UAEPAUCStringData@2@HH@Z,656,0,6,154,15
540,?Allocate@CCRTAllocator@ATL@@SAPAXI@Z,72,0,1,26,1
541,?Allocate@CWin32Heap@ATL@@UAEPAXI@Z,85,0,1,32,1
542,?AllocateBytes@?$CHeapPtrBase@_WVCCRTAllocator@ATL@@@ATL@@QAE_NI@Z,144,0,2,51,4
543,?AtlWinModuleInit@ATL@@YGJPAU_ATL_WIN_MODULE70@1@@Z,228,0,5,69,6
544,?AtlWinModuleTerm@ATL@@YGJPAU_ATL_WIN_MODULE70@1@PAUHINSTANCE__@@@Z,202,0,5,66,5
545,?Clone@CAtlStringMgr@ATL@@UAEPAUIAtlStringMgr@2@XZ,45,0,0,20,1
546,?DoDataExchange@CDeviceProp@@MAEXPAVCDataExchange@@@Z,368,0,3,117,1
547,?Free@?$CHeapPtrBase@_WVCCRTAllocator@ATL@@@ATL@@QAEXXZ,78,0,2,29,1
548,?Free@CAtlStringMgr@ATL@@UAEXPAUCStringData@2@@Z,199,0,1,70,6
549,?Free@CCRTAllocator@ATL@@SAXPAX@Z,72,0,1,26,1
550,?Free@CWin32Heap@ATL@@UAEXPAX@Z,148,0,1,51,4
551,?GetCategoryName@CTrace@ATL@@CAPA_WI@Z,102,0,0,33,3
552,?GetInstance@CAtlStringMgr@ATL@@SAPAUIAtlStringMgr@2@XZ,168,0,4,48,3
553,?GetMessageMap@CDeviceProp@@MBEPBUAFX_MSGMAP@@XZ,60,0,2,23,1
554,?GetModuleInstance@CAtlBaseModule@ATL@@QAEPAUHINSTANCE__@@XZ,48,0,0,21,1
555,?GetNilString@CAtlStringMgr@ATL@@UAEPAUCStringData@2@XZ,72,0,2,27,1
556,?GetSize@?$CSimpleArray@GV?$CSimpleArrayEqualHelper@G@ATL@@@ATL@@QBEHXZ,48,0,0,21,1
557,?GetSize@CWin32Heap@ATL@@UAEIPAX@Z,85,0,1,32,1
558,?GetThisMessageMap@CDeviceProp@@KGPBUAFX_MSGMAP@@XZ,42,0,0,17,1
559,?Init@CComCriticalSection@ATL@@QAEJXZ,112,0,3,40,2
560,?OnInitDialog@CDeviceProp@@MAEHXZ,1568,0,4,406,13
561,?PrintTextToEditBox@CDeviceProp@@AAEXPAVCEdit@@PA_WJ@Z,214,0,6,59,2
562,?Reallocate@CAtlStringMgr@ATL@@UAEPAUCStringData@2@PAU32@HH@Z,688,0,6,167,17
563,?Reallocate@CWin32Heap@ATL@@UAEPAXPAXI@Z,158,0,1,61,3
564,?RegisterCategory@CTrace@ATL@@SAXPB_WI@Z,197,0,1,58,5
565,?RemoveAll@?$CSimpleArray@GV?$CSimpleArrayEqualHelper@G@ATL@@@ATL@@QAEXXZ,147,0,1,49,3
566,?SetManager@CNilStringData@ATL@@QAEXPAUIAtlStringMgr@2@@Z,118,0,1,42,3
567,?StaticInitialize@CAtlStringMgr@ATL@@CA_NXZ,57,0,2,21,1
568,?Term@CAtlComModule@ATL@@QAEXXZ,204,0,2,72,5
569,?Term@CAtlWinModule@ATL@@QAEXXZ,75,0,3,28,1
570,?Term@CComCriticalSection@ATL@@QAEJXZ,76,0,1,29,1
571,?TraceV@CTrace@ATL@@CAXPBDHIIPB_W@Z,912,0,9,176,10
572,?TraceV@CTrace@ATL@@SAXPBDHIIPB_WPAD@Z,464,0,7,111,4
573,?_AtlInitializeCriticalSectionEx@ATL@@YAHPAU_RTL_CRITICAL_SECTION@@KK@Z,77,0,1,29,1
574,?_AtlRaiseException@ATL@@YAXKK@Z,77,0,1,29,1
575,_HRESULT_FROM_WIN32,87,0,0,27,2
576,??0CGenericUCPApp@@QAE@XZ,77,0,2,28,1
577,??1CGenericUCPApp@@UAE@XZ,63,0,2,24,1
578,??B?$CTraceCategoryEx@$00$0A@@ATL@@QAEIXZ,47,0,0,20,1
579,??RCTraceFileAndLineInfo@ATL@@QBAXPB_WZZ,105,0,3,38,1
580,??_GCGenericUCPApp@@UAEPAXI@Z,85,0,3,31,2
581,?ExitInstance@CGenericUCPApp@@UAEHXZ,72,0,1,27,1
582,?GetApplicationRecoveryParameter@CWinApp@@UAEPAXXZ,44,0,0,20,1
583,?GetApplicationRecoveryPingInterval@CWinApp@@UAEKXZ,47,0,0,20,1
584,?GetApplicationRestartFlags@CWinApp@@UAEKXZ,44,0,0,20,1
585,?GetMessageMap@CGenericUCPApp@@MBEPBUAFX_MSGMAP@@XZ,60,0,2,23,1
586,?GetThisMessageMap@CGenericUCPApp@@KGPBUAFX_MSGMAP@@XZ,42,0,0,17,1
587,?InitInstance@CGenericUCPApp@@UAEHXZ,544,0,12,102,4
588,?ReopenPreviousFilesAtRestart@CWinApp@@UBEHXZ,54,0,0,22,1
589,?RestoreAutosavedFilesAtRestart@CWinApp@@UBEHXZ,54,0,0,22,1
590,?SupportsApplicationRecovery@CWinApp@@UBEHXZ,54,0,0,22,1
591,?SupportsAutosaveAtInterval@CWinApp@@UBEHXZ,54,0,0,22,1
592,?SupportsAutosaveAtRestart@CWinApp@@UBEHXZ,54,0,0,22,1
593,?SupportsRestartManager@CWinApp@@UBEHXZ,54,0,0,22,1
594,?OnSysCommand@CGenericUCPDlg@@IAEXIJ@Z,288,0,6,60,2
595,?OnPaint@CGenericUCPDlg@@IAEXXZ,512,0,14,110,2
596,?OnQueryDragIcon@CGenericUCPDlg@@IAEPAUHICON__@@XZ,51,0,0,21,1
597,?OnViewSCPD@CGenericUCPDlg@@IAEXXZ,1024,0,11,192,6
598,?OnFindByType@CGenericUCPDlg@@IAEXXZ,81,0,4,29,1
599,?OnDiscoveryClicked@CGenericUCPDlg@@IAEXXZ,1287,0,19,335,19
600,?OnFindbyUDN@CGenericUCPDlg@@IAEXXZ,81,0,4,29,1
601,?OnAsyncFind@CGenericUCPDlg@@IAEXXZ,81,0,4,29,1
602,?OnSelEndOkComboDevice@CGenericUCPDlg@@IAEXXZ,2096,0,20,424,17
603,?OnSelEndOkComboService@CGenericUCPDlg@@IAEXXZ,81,0,3,29,2
604,?OnDevpropClick@CGenericUCPDlg@@IAEXXZ,336,0,8,71,2
605,?OnSubscribe@CGenericUCPDlg@@IAEXXZ,1536,0,13,330,19
606,?OnQueryVariable@CGenericUCPDlg@@IAEXXZ,624,0,9,139,6
607,?OnInvokeAction@CGenericUCPDlg@@IAEXXZ,2080,0,21,364,17
608,?OnCloseClick@CGenericUCPDlg@@IAEXXZ,73,0,3,27,1
609,?OnCheckBoxClick@CGenericUCPDlg@@IAEXXZ,63,0,2,24,1
610,?OnClose@CGenericUCPDlg@@IAEXXZ,98,0,3,34,1
611,??0CAboutDlg@@QAE@XZ,79,0,2,29,1
612,??0CDeviceFinderCallback@@QAE@XZ,85,0,2,29,1
613,??0CGenericUCPDlg@@QAE@PAVCWnd@@@Z,823,0,14,204,4
614,??0CRect@@QAE@XZ,84,0,0,28,1
615,??0CServiceCallback@@QAE@XZ,85,0,2,29,1
616,??0CUPnPAsyncResult@@QAE@XZ,95,0,2,31,1
617,??0IUPnPAsyncResult@@QAE@XZ,66,0,2,25,1
618,??0IUPnPDeviceFinderCallback@@QAE@XZ,66,0,2,25,1
619,??0IUPnPServiceCallback@@QAE@XZ,66,0,2,25,1
620,??0IUnknown@@QAE@XZ,45,0,0,20,1
621,??1CAboutDlg@@UAE@XZ,63,0,2,24,1
622,??1CDeviceFinderCallback@@QAE@XZ,51,0,0,21,1
623,??1CGenericUCPDlg@@UAE@XZ,698,0,9,169,2
624,??1CServiceCallback@@QAE@XZ,51,0,0,21,1
625,??1CUPnPAsyncResult@@QAE@XZ,86,0,1,31,1
626,??_ECAboutDlg@@UAEPAXI@Z,85,0,3,31,2
627,??_GCDeviceFinderCallback@@QAEPAXI@Z,88,0,3,32,2
628,??_ECGenericUCPDlg@@UAEPAXI@Z,85,0,3,31,2
629,??_GCServiceCallback@@QAEPAXI@Z,88,0,3,32,2
630,??_GCUPnPAsyncResult@@QAEPAXI@Z,88,0,3,32,2
631,?AddDevice@CGenericUCPDlg@@QAEXPAUIUPnPDevice@@@Z,720,0,11,147,3
632,?AddRef@CDeviceFinderCallback@@UAGKXZ,67,0,2,24,1
633,?AddRef@CServiceCallback@@UAGKXZ,67,0,2,24,1
634,?AddRef@CUPnPAsyncResult@@UAGKXZ,57,0,0,22,1
635,?AsyncOperationComplete@CUPnPAsyncResult@@UAGJ_K@Z,95,0,1,31,2
636,?ClearAllDataStructures@CGenericUCPDlg@@AAEXH@Z,145,0,6,42,2
637,?ClearDeviceCombo@CGenericUCPDlg@@AAEXXZ,154,0,5,49,2
638,?ClearServiceCombo@CGenericUCPDlg@@AAEXXZ,173,0,6,53,2
639,?Create@CDeviceFinderCallback@@SAPAV1@XZ,221,0,3,62,2
640,?Create@CServiceCallback@@SAPAV1@XZ,221,0,3,62,2
641,?DeviceAdded@CDeviceFinderCallback@@UAGJJPAUIUPnPDevice@@@Z,116,0,4,36,1
642,?DeviceRemoved@CDeviceFinderCallback@@UAGJJPA_W@Z,108,0,4,35,1
643,?DoDataExchange@CAboutDlg@@MAEXPAVCDataExchange@@@Z,69,0,2,26,1
644,?DoDataExchange@CGenericUCPDlg@@MAEXPAVCDataExchange@@@Z,598,0,3,187,1
645,?GetHandle@CUPnPAsyncResult@@QAEPAXXZ,48,0,0,21,1
646,?GetMessageMap@CAboutDlg@@MBEPBUAFX_MSGMAP@@XZ,60,0,2,23,1
647,?GetMessageMap@CGenericUCPDlg@@MBEPBUAFX_MSGMAP@@XZ,60,0,2,23,1
648,?GetThisMessageMap@CAboutDlg@@KGPBUAFX_MSGMAP@@XZ,42,0,0,17,1
649,?GetThisMessageMap@CGenericUCPDlg@@KGPBUAFX_MSGMAP@@XZ,42,0,0,17,1
650,?Height@CRect@@QBEHXZ,54,0,0,23,1
651,?Init@CUPnPAsyncResult@@QAGJXZ,107,0,1,35,2
652,?InitializeDevTypeArray@CGenericUCPDlg@@AAEXXZ,976,0,15,191,6
653,?InitializeUDNList@CGenericUCPDlg@@AAEXXZ,576,0,13,118,5
654,?OnAppAbout@CGenericUCPDlg@@IAEXXZ,256,0,5,49,1
655,?OnInitDialog@CGenericUCPDlg@@MAEHXZ,688,0,12,146,3
656,?OnInvokeAsyncAction@CGenericUCPDlg@@AAEXPA_WHUtagVARIANT@@@Z,2880,0,16,542,25
657,?OnInvokeSyncAction@CGenericUCPDlg@@AAEXPA_WHUtagVARIANT@@@Z,1632,0,11,309,10
658,?OnQueryVariableAsync@CGenericUCPDlg@@AAEXPA_WH@Z,1824,0,13,352,17
659,?OnQueryVariableSync@CGenericUCPDlg@@AAEXPA_WH@Z,576,0,8,124,3
660,?PreTranslateMessage@CGenericUCPDlg@@MAEHPAUtagMSG@@@Z,336,0,7,80,6
661,?ProcessAsyncFind@CGenericUCPDlg@@AAEXPA_W@Z,484,0,4,139,8
662,?ProcessFindByType@CGenericUCPDlg@@AAEXPA_W@Z,1536,0,11,314,13
663,?ProcessFindByUDN@CGenericUCPDlg@@AAEXPA_W@Z,688,0,10,138,6
664,?QueryInterface@CDeviceFinderCallback@@UAGJABU_GUID@@PAPAX@Z,165,0,2,59,3
665,?QueryInterface@CServiceCallback@@UAGJABU_GUID@@PAPAX@Z,165,0,2,59,3
666,?QueryInterface@CUPnPAsyncResult@@UAGJABU_GUID@@PAPAX@Z,174,0,2,57,5
667,?Release@CDeviceFinderCallback@@UAGKXZ,140,0,3,40,3
668,?Release@CServiceCallback@@UAGKXZ,140,0,3,40,3
669,?Release@CUPnPAsyncResult@@UAGKXZ,135,0,2,39,3
670,?RemoveDevice@CGenericUCPDlg@@QAEXPA_W@Z,528,0,8,119,5
671,?SearchComplete@CDeviceFinderCallback@@UAGJJ@Z,156,0,6,47,2
672,?ServiceInstanceDied@CServiceCallback@@UAGJPAUIUPnPService@@@Z,480,0,8,94,2
673,?SetDialogPointer@CDeviceFinderCallback@@QAEXPAVCGenericUCPDlg@@@Z,53,0,0,22,1
674,?SetDialogPointer@CServiceCallback@@QAEXPAVCGenericUCPDlg@@@Z,53,0,0,22,1
675,?StateVariableChanged@CServiceCallback@@UAGJPAUIUPnPService@@PB_WUtagVARIANT@@@Z,720,0,8,144,4
676,?StopAsyncFindIfStarted@CGenericUCPDlg@@AAEXXZ,254,0,4,73,6
677,?Width@CRect@@QBEHXZ,53,0,0,23,1
678,?_InterlockedDecrement@@YAKPCK@Z,50,0,0,21,1
679,?_InterlockedIncrement@@YAKPCK@Z,52,0,0,21,1
680,?fFileExists@CGenericUCPDlg@@AAEHPA_W@Z,96,0,1,35,3
681,?iNumberOfInArguments@CGenericUCPDlg@@AAEHPA_W@Z,272,0,2,60,2
682,___,98,0,2,31,2
683,_IsEqualGUID,100,0,2,32,2
684,?OnOk@CSCPDDisplay@@IAEXXZ,65,0,2,25,1
685,??0CSCPDDisplay@@QAE@PA_WPAVCWnd@@@Z,199,0,4,59,1
686,??1CSCPDDisplay@@UAE@XZ,185,0,4,54,1
687,??_ECSCPDDisplay@@UAEPAXI@Z,85,0,3,31,2
688,?DoDataExchange@CSCPDDisplay@@MAEXPAVCDataExchange@@@Z,115,0,3,40,1
689,?GetMessageMap@CSCPDDisplay@@MBEPBUAFX_MSGMAP@@XZ,60,0,2,23,1
690,?GetThisMessageMap@CSCPDDisplay@@KGPBUAFX_MSGMAP@@XZ,42,0,0,17,1
691,?OnInitDialog@CSCPDDisplay@@MAEHXZ,104,0,3,34,2
692,?HrCreateArgVariants@@YAJKPAPAPAUtagVARIANT@@@Z,417,0,4,92,5
693,?HrCreateSafeArray@@YAJGHPAPAUtagSAFEARRAY@@@Z,272,0,2,59,3
694,?HrDestroyArgVariants@@YAJKPAPAPAUtagVARIANT@@@Z,253,0,4,77,7
695,?HrGetSafeArrayBounds@@YAJPAUtagSAFEARRAY@@PAJ1@Z,140,0,1,49,3
696,?HrGetVariantElement@@YAJPAUtagSAFEARRAY@@HPAUtagVARIANT@@@Z,208,0,2,47,2
697,?PrintErrorText@@YAXJ@Z,1064,0,5,228,25
698,?ReleaseObj@@YAXPAUIUnknown@@@Z,79,0,1,30,2
699,?SafeStrCopy@@YAXPA_WPB_WI@Z,177,0,2,63,7
700,?VariantSetArray@@YAXPAUtagSAFEARRAY@@AAUtagVARIANT@@@Z,89,0,1,31,1
701,?VariantSetVar@@YAXPAUtagVARIANT@@AAU1@@Z,89,0,1,31,1
702,??3@YAXPAX@Z,6,0,0,1,1
703,?GetThisMessageMap@CDialog@@KGPBUAFX_MSGMAP@@XZ,6,0,0,1,1
704,??3CObject@@SGXPAX@Z,6,0,0,1,1
705,?Serialize@CObject@@UAEXAAVCArchive@@@Z,6,0,0,1,1
706,?DDX_Control@@YGXPAVCDataExchange@@HAAVCWnd@@@Z,6,0,0,1,1
707,?IsInvokeAllowed@CCmdTarget@@UAEHJ@Z,6,0,0,1,1
708,?GetDispatchIID@CCmdTarget@@UAEHPAU_GUID@@@Z,6,0,0,1,1
709,?GetTypeInfoCount@CCmdTarget@@UAEIXZ,6,0,0,1,1
710,?GetTypeLibCache@CCmdTarget@@UAEPAVCTypeLibCache@@XZ,6,0,0,1,1
711,?GetTypeLib@CCmdTarget@@UAEJKPAPAUITypeLib@@@Z,6,0,0,1,1
712,?GetCommandMap@CCmdTarget@@MBEPBUAFX_OLECMDMAP@@XZ,6,0,0,1,1
713,?GetDispatchMap@CCmdTarget@@MBEPBUAFX_DISPMAP@@XZ,6,0,0,1,1
714,?GetConnectionMap@CCmdTarget@@MBEPBUAFX_CONNECTIONMAP@@XZ,6,0,0,1,1
715,?GetEventSinkMap@CCmdTarget@@MBEPBUAFX_EVENTSINKMAP@@XZ,6,0,0,1,1
716,?OnCreateAggregates@CCmdTarget@@UAEHXZ,6,0,0,1,1
717,?GetInterfaceHook@CCmdTarget@@UAEPAUIUnknown@@PBX@Z,6,0,0,1,1
718,?GetExtraConnectionPoints@CCmdTarget@@MAEHPAVCPtrArray@@@Z,6,0,0,1,1
719,?GetConnectionHook@CCmdTarget@@MAEPAUIConnectionPoint@@ABU_GUID@@@Z,6,0,0,1,1
720,?PreSubclassWindow@CWnd@@UAEXXZ,6,0,0,1,1
721,?Create@CWnd@@UAEHPB_W0KABUtagRECT@@PAV1@IPAUCCreateContext@@@Z,6,0,0,1,1
722,?CreateEx@CWnd@@UAEHKPB_W0KHHHHPAUHWND__@@PAUHMENU__@@PAX@Z,6,0,0,1,1
723,?CreateEx@CWnd@@UAEHKPB_W0KABUtagRECT@@PAV1@IPAX@Z,6,0,0,1,1
724,?DestroyWindow@CWnd@@UAEHXZ,6,0,0,1,1
725,?PreCreateWindow@CWnd@@UAEHAAUtagCREATESTRUCTW@@@Z,6,0,0,1,1
726,?CalcWindowRect@CWnd@@UAEXPAUtagRECT@@I@Z,6,0,0,1,1
727,?SetWindowTextW@CWnd@@QAEXPB_W@Z,6,0,0,1,1
728,?GetMenu@CWnd@@UBEPAVCMenu@@XZ,6,0,0,1,1
729,?SetMenu@CWnd@@UAEHPAVCMenu@@@Z,6,0,0,1,1
730,?OnToolHitTest@CWnd@@UBEHVCPoint@@PAUtagTOOLINFOW@@@Z,6,0,0,1,1
731,?GetScrollBarCtrl@CWnd@@UBEPAVCScrollBar@@H@Z,6,0,0,1,1
732,?WinHelpW@CWnd@@UAEXKI@Z,6,0,0,1,1
733,?HtmlHelpW@CWnd@@UAEXKI@Z,6,0,0,1,1
734,?WinHelpInternal@CWnd@@UAEXKI@Z,6,0,0,1,1
735,?ContinueModal@CWnd@@UAEHXZ,6,0,0,1,1
736,?EndModalLoop@CWnd@@UAEXH@Z,6,0,0,1,1
737,?OnDrawIconicThumbnailOrLivePreview@CWnd@@UAEXAAVCDC@@VCRect@@VCSize@@HAAH@Z,6,0,0,1,1
738,?GetInterfaceMap@CWnd@@MBEPBUAFX_INTERFACEMAP@@XZ,6,0,0,1,1
739,?EnsureStdObj@CWnd@@UAEJXZ,6,0,0,1,1
740,?get_accParent@CWnd@@UAEJPAPAUIDispatch@@@Z,6,0,0,1,1
741,?get_accChildCount@CWnd@@UAEJPAJ@Z,6,0,0,1,1
742,?get_accChild@CWnd@@UAEJUtagVARIANT@@PAPAUIDispatch@@@Z,6,0,0,1,1
743,?get_accName@CWnd@@UAEJUtagVARIANT@@PAPA_W@Z,6,0,0,1,1
744,?get_accValue@CWnd@@UAEJUtagVARIANT@@PAPA_W@Z,6,0,0,1,1
745,?get_accDescription@CWnd@@UAEJUtagVARIANT@@PAPA_W@Z,6,0,0,1,1
746,?get_accRole@CWnd@@UAEJUtagVARIANT@@PAU2@@Z,6,0,0,1,1
747,?get_accState@CWnd@@UAEJUtagVARIANT@@PAU2@@Z,6,0,0,1,1
748,?get_accHelp@CWnd@@UAEJUtagVARIANT@@PAPA_W@Z,6,0,0,1,1
749,?get_accHelpTopic@CWnd@@UAEJPAPA_WUtagVARIANT@@PAJ@Z,6,0,0,1,1
750,?get_accKeyboardShortcut@CWnd@@UAEJUtagVARIANT@@PAPA_W@Z,6,0,0,1,1
751,?get_accFocus@CWnd@@UAEJPAUtagVARIANT@@@Z,6,0,0,1,1
752,?get_accSelection@CWnd@@UAEJPAUtagVARIANT@@@Z,6,0,0,1,1
753,?get_accDefaultAction@CWnd@@UAEJUtagVARIANT@@PAPA_W@Z,6,0,0,1,1
754,?accSelect@CWnd@@UAEJJUtagVARIANT@@@Z,6,0,0,1,1
755,?accLocation@CWnd@@UAEJPAJ000UtagVARIANT@@@Z,6,0,0,1,1
756,?accNavigate@CWnd@@UAEJJUtagVARIANT@@PAU2@@Z,6,0,0,1,1
757,?accHitTest@CWnd@@UAEJJJPAUtagVARIANT@@@Z,6,0,0,1,1
758,?accDoDefaultAction@CWnd@@UAEJUtagVARIANT@@@Z,6,0,0,1,1
759,?put_accName@CWnd@@UAEJUtagVARIANT@@PA_W@Z,6,0,0,1,1
760,?put_accValue@CWnd@@UAEJUtagVARIANT@@PA_W@Z,6,0,0,1,1
761,?SetProxy@CWnd@@UAEJPAUIAccessibleProxy@@@Z,6,0,0,1,1
762,?CreateAccessibleProxy@CWnd@@UAEJIJPAJ@Z,6,0,0,1,1
763,?OnCommand@CWnd@@MAEHIJ@Z,6,0,0,1,1
764,?OnNotify@CWnd@@MAEHIJPAJ@Z,6,0,0,1,1
765,?GetSuperWndProcAddr@CWnd@@MAEPAP6GJPAUHWND__@@IIJ@ZXZ,6,0,0,1,1
766,?DoDataExchange@CWnd@@MAEXPAVCDataExchange@@@Z,6,0,0,1,1
767,?BeginModalState@CWnd@@UAEXXZ,6,0,0,1,1
768,?EndModalState@CWnd@@UAEXXZ,6,0,0,1,1
769,?OnAmbientProperty@CWnd@@UAEHPAVCOleControlSite@@JPAUtagVARIANT@@@Z,6,0,0,1,1
770,?WindowProc@CWnd@@MAEJIIJ@Z,6,0,0,1,1
771,?OnWndMsg@CWnd@@MAEHIIJPAJ@Z,6,0,0,1,1
772,?DefWindowProcW@CWnd@@MAEJIIJ@Z,6,0,0,1,1
773,?PostNcDestroy@CWnd@@MAEXXZ,6,0,0,1,1
774,?OnChildNotify@CWnd@@MAEHIIJPAJ@Z,6,0,0,1,1
775,?OnTouchInputs@CWnd@@MAEHIPAUtagTOUCHINPUT@@@Z,6,0,0,1,1
776,?OnTouchInput@CWnd@@MAEHVCPoint@@HHPAUtagTOUCHINPUT@@@Z,6,0,0,1,1
777,?GetGestureStatus@CWnd@@MAEKVCPoint@@@Z,6,0,0,1,1
778,?OnGestureZoom@CWnd@@MAEHVCPoint@@J@Z,6,0,0,1,1
779,?OnGesturePan@CWnd@@MAEHVCPoint@@0@Z,6,0,0,1,1
780,?OnGestureRotate@CWnd@@MAEHVCPoint@@N@Z,6,0,0,1,1
781,?OnGestureTwoFingerTap@CWnd@@MAEHVCPoint@@@Z,6,0,0,1,1
782,?OnGesturePressAndTap@CWnd@@MAEHVCPoint@@J@Z,6,0,0,1,1
783,?IsFrameWnd@CWnd@@UBEHXZ,6,0,0,1,1
784,?OnFinalRelease@CWnd@@UAEXXZ,6,0,0,1,1
785,?CreateControlContainer@CWnd@@MAEHPAPAVCOleControlContainer@@@Z,6,0,0,1,1
786,?CreateControlSite@CWnd@@MAEHPAVCOleControlContainer@@PAPAVCOleControlSite@@IABU_GUID@@@Z,6,0,0,1,1
787,?GetRuntimeClass@CDialog@@UBEPAUCRuntimeClass@@XZ,6,0,0,1,1
788,?Create@CDialog@@UAEHPB_WPAVCWnd@@@Z,6,0,0,1,1
789,?Create@CDialog@@UAEHIPAVCWnd@@@Z,6,0,0,1,1
790,?CreateIndirect@CDialog@@UAEHPBUDLGTEMPLATE@@PAVCWnd@@PAX@Z,6,0,0,1,1
791,?CreateIndirect@CDialog@@UAEHPAXPAVCWnd@@@Z,6,0,0,1,1
792,??0CDialog@@QAE@IPAVCWnd@@@Z,6,0,0,1,1
793,?DoModal@CDialog@@UAEHXZ,6,0,0,1,1
794,?EndDialog@CDialog@@QAEXH@Z,6,0,0,1,1
795,?OnInitDialog@CDialog@@UAEHXZ,6,0,0,1,1
796,?OnSetFont@CDialog@@UAEXPAVCFont@@@Z,6,0,0,1,1
797,?OnOK@CDialog@@MAEXXZ,6,0,0,1,1
798,?OnCancel@CDialog@@MAEXXZ,6,0,0,1,1
799,??1CDialog@@UAE@XZ,6,0,0,1,1
800,?AssertValid@CDialog@@UBEXXZ,6,0,0,1,1
801,?Dump@CDialog@@UBEXAAVCDumpContext@@@Z,6,0,0,1,1
802,?PreTranslateMessage@CDialog@@UAEHPAUtagMSG@@@Z,6,0,0,1,1
803,?OnCmdMsg@CDialog@@UAEHIHPAXPAUAFX_CMDHANDLERINFO@@@Z,6,0,0,1,1
804,?CheckAutoCenter@CDialog@@UAEHXZ,6,0,0,1,1
805,?SetOccDialogInfo@CDialog@@MAEHPAU_AFX_OCC_DIALOG_INFO@@@Z,6,0,0,1,1
806,?GetOccDialogInfo@CDialog@@MAEPAU_AFX_OCC_DIALOG_INFO@@XZ,6,0,0,1,1
807,?PreInitDialog@CDialog@@MAEXXZ,6,0,0,1,1
808,??0CButton@@QAE@XZ,6,0,0,1,1
809,??1CButton@@UAE@XZ,6,0,0,1,1
810,??0CEdit@@QAE@XZ,6,0,0,1,1
811,??1CEdit@@UAE@XZ,6,0,0,1,1
812,?OnHelp@CWinApp@@IAEXXZ,6,0,0,1,1
813,?GetThisMessageMap@CWinApp@@KGPBUAFX_MSGMAP@@XZ,6,0,0,1,1
814,?OnCmdMsg@CCmdTarget@@UAEHIHPAXPAUAFX_CMDHANDLERINFO@@@Z,6,0,0,1,1
815,?OnFinalRelease@CCmdTarget@@UAEXXZ,6,0,0,1,1
816,?GetInterfaceMap@CCmdTarget@@MBEPBUAFX_INTERFACEMAP@@XZ,6,0,0,1,1
817,?AfxInitRichEdit@@YGHXZ,6,0,0,1,1
818,?PreTranslateMessage@CWinThread@@UAEHPAUtagMSG@@@Z,6,0,0,1,1
819,?PumpMessage@CWinThread@@UAEHXZ,6,0,0,1,1
820,?IsIdleMessage@CWinThread@@UAEHPAUtagMSG@@@Z,6,0,0,1,1
821,?ProcessMessageFilter@CWinThread@@UAEHHPAUtagMSG@@@Z,6,0,0,1,1
822,?GetMainWnd@CWinThread@@UAEPAVCWnd@@XZ,6,0,0,1,1
823,?Delete@CWinThread@@UAEXXZ,6,0,0,1,1
824,??0CCommandLineInfo@@QAE@XZ,6,0,0,1,1
825,??1CCommandLineInfo@@UAE@XZ,6,0,0,1,1
826,?GetRuntimeClass@CWinApp@@UBEPAUCRuntimeClass@@XZ,6,0,0,1,1
827,??0CWinApp@@QAE@PB_W@Z,6,0,0,1,1
828,?GetProfileIntW@CWinApp@@UAEIPB_W0H@Z,6,0,0,1,1
829,?WriteProfileInt@CWinApp@@UAEHPB_W0H@Z,6,0,0,1,1
830,?GetProfileStringW@CWinApp@@UAE?AV?$CStringT@_WV?$StrTraitMFC_DLL@_WV?$ChTraitsCRT@_W@ATL@@@@@ATL@@PB_W00@Z,6,0,0,1,1
831,?WriteProfileStringW@CWinApp@@UAEHPB_W00@Z,6,0,0,1,1
832,?GetProfileBinary@CWinApp@@UAEHPB_W0PAPAEPAI@Z,6,0,0,1,1
833,?WriteProfileBinary@CWinApp@@UAEHPB_W0PAEI@Z,6,0,0,1,1
834,?InitLibId@CWinApp@@UAEXXZ,6,0,0,1,1
835,?Register@CWinApp@@UAEHXZ,6,0,0,1,1
836,?Unregister@CWinApp@@UAEHXZ,6,0,0,1,1
837,?OpenDocumentFile@CWinApp@@UAEPAVCDocument@@PB_W@Z,6,0,0,1,1
838,?OpenDocumentFile@CWinApp@@UAEPAVCDocument@@PB_WH@Z,6,0,0,1,1
839,?AddToRecentFileList@CWinApp@@UAEXPB_W@Z,6,0,0,1,1
840,?ParseCommandLine@CWinApp@@QAEXAAVCCommandLineInfo@@@Z,6,0,0,1,1
841,?InitApplication@CWinApp@@UAEHXZ,6,0,0,1,1
842,?SaveAllModified@CWinApp@@UAEHXZ,6,0,0,1,1
843,?DoMessageBox@CWinApp@@UAEHPB_WII@Z,6,0,0,1,1
844,?DoWaitCursor@CWinApp@@UAEXH@Z,6,0,0,1,1
845,?OnDDECommand@CWinApp@@UAEHPA_W@Z,6,0,0,1,1
846,?WinHelpW@CWinApp@@UAEXKI@Z,6,0,0,1,1
847,?HtmlHelpW@CWinApp@@UAEXKI@Z,6,0,0,1,1
848,?WinHelpInternal@CWinApp@@UAEXKI@Z,6,0,0,1,1
849,?RegisterWithRestartManager@CWinApp@@UAEJHABV?$CStringT@_WV?$StrTraitMFC_DLL@_WV?$ChTraitsCRT@_W@ATL@@@@@ATL@@@Z,6,0,0,1,1
850,?RegisterWithRestartManager@CWinApp@@UAEJPB_WKP6GKPAX@Z1KK@Z,6,0,0,1,1
851,?ApplicationRecoveryCallback@CWinApp@@UAEKPAX@Z,6,0,0,1,1
852,?GetDataRecoveryHandler@CWinApp@@UAEPAVCDataRecoveryHandler@@XZ,6,0,0,1,1
853,?IsTaskbarInteractionEnabled@CWinApp@@UAEHXZ,6,0,0,1,1
854,?RestartInstance@CWinApp@@UAEHXZ,6,0,0,1,1
855,?Run@CWinApp@@UAEHXZ,6,0,0,1,1
856,?OnIdle@CWinApp@@UAEHJ@Z,6,0,0,1,1
857,?ProcessWndProcException@CWinApp@@UAEJPAVCException@@PBUtagMSG@@@Z,6,0,0,1,1
858,?LoadAppLangResourceDLL@CWinApp@@UAEPAUHINSTANCE__@@XZ,6,0,0,1,1
859,??1CWinApp@@UAE@XZ,6,0,0,1,1
860,?AssertValid@CWinApp@@UBEXXZ,6,0,0,1,1
861,?Dump@CWinApp@@UBEXAAVCDumpContext@@@Z,6,0,0,1,1
862,?LoadSysPolicies@CWinApp@@UAEHXZ,6,0,0,1,1
863,?AfxEnableControlContainer@@YAXPAVCOccManager@@@Z,6,0,0,1,1
864,?AfxAssertFailedLine@@YGHPBDH@Z,6,0,0,1,1
865,??B?$CSimpleStringT@_W$00@ATL@@QBEPB_WXZ,6,0,0,1,1
866,?GetLength@?$CSimpleStringT@_W$00@ATL@@QBEHXZ,6,0,0,1,1
867,?IsEmpty@?$CSimpleStringT@_W$00@ATL@@QBE_NXZ,6,0,0,1,1
868,??0?$CStringT@_WV?$StrTraitMFC_DLL@_WV?$ChTraitsCRT@_W@ATL@@@@@ATL@@QAE@XZ,6,0,0,1,1
869,??1?$CStringT@_WV?$StrTraitMFC_DLL@_WV?$ChTraitsCRT@_W@ATL@@@@@ATL@@QAE@XZ,6,0,0,1,1
870,??4?$CStringT@_WV?$StrTraitMFC_DLL@_WV?$ChTraitsCRT@_W@ATL@@@@@ATL@@QAEAAV01@ABV01@@Z,6,0,0,1,1
871,??4?$CStringT@_WV?$StrTraitMFC_DLL@_WV?$ChTraitsCRT@_W@ATL@@@@@ATL@@QAEAAV01@PB_W@Z,6,0,0,1,1
872,?Find@?$CStringT@_WV?$StrTraitMFC_DLL@_WV?$ChTraitsCRT@_W@ATL@@@@@ATL@@QBEH_WH@Z,6,0,0,1,1
873,?Right@?$CStringT@_WV?$StrTraitMFC_DLL@_WV?$ChTraitsCRT@_W@ATL@@@@@ATL@@QBE?AV12@H@Z,6,0,0,1,1
874,?Left@?$CStringT@_WV?$StrTraitMFC_DLL@_WV?$ChTraitsCRT@_W@ATL@@@@@ATL@@QBE?AV12@H@Z,6,0,0,1,1
875,?AllocSysString@?$CStringT@_WV?$StrTraitMFC_DLL@_WV?$ChTraitsCRT@_W@ATL@@@@@ATL@@QBEPA_WXZ,6,0,0,1,1
876,?LoadStringW@?$CStringT@_WV?$StrTraitMFC_DLL@_WV?$ChTraitsCRT@_W@ATL@@@@@ATL@@QAEHI@Z,6,0,0,1,1
877,??0CStdioFile@@QAE@XZ,6,0,0,1,1
878,?ReadString@CStdioFile@@UAEHAAV?$CStringT@_WV?$StrTraitMFC_DLL@_WV?$ChTraitsCRT@_W@ATL@@@@@ATL@@@Z,6,0,0,1,1
879,??1CStdioFile@@UAE@XZ,6,0,0,1,1
880,?Open@CStdioFile@@UAEHPB_WIPAVCFileException@@@Z,6,0,0,1,1
881,?Close@CStdioFile@@UAEXXZ,6,0,0,1,1
882,??2@YAPAXIPBDH@Z,6,0,0,1,1
883,??3@YAXPAXPBDH@Z,6,0,0,1,1
884,??0CStringArray@@QAE@XZ,6,0,0,1,1
885,?SetSize@CStringArray@@QAEXHH@Z,6,0,0,1,1
886,?RemoveAll@CStringArray@@QAEXXZ,6,0,0,1,1
887,?Add@CStringArray@@QAEHABV?$CStringT@_WV?$StrTraitMFC_DLL@_WV?$ChTraitsCRT@_W@ATL@@@@@ATL@@@Z,6,0,0,1,1
888,??ACStringArray@@QAEAAV?$CStringT@_WV?$StrTraitMFC_DLL@_WV?$ChTraitsCRT@_W@ATL@@@@@ATL@@H@Z,6,0,0,1,1
889,??1CStringArray@@UAE@XZ,6,0,0,1,1
890,?GetSafeHdc@CDC@@QBEPAUHDC__@@XZ,6,0,0,1,1
891,?DrawIcon@CDC@@QAEHHHPAUHICON__@@@Z,6,0,0,1,1
892,??0CPaintDC@@QAE@PAVCWnd@@@Z,6,0,0,1,1
893,??1CPaintDC@@UAE@XZ,6,0,0,1,1
894,?AppendMenuW@CMenu@@QAEHIIPB_W@Z,6,0,0,1,1
895,?GetSafeHwnd@CWnd@@QBEPAUHWND__@@XZ,6,0,0,1,1
896,?FromHandle@CWnd@@SGPAV1@PAUHWND__@@@Z,6,0,0,1,1
897,?SendMessageW@CWnd@@QBEJIIJ@Z,6,0,0,1,1
898,?GetWindowTextW@CWnd@@QBEHPA_WH@Z,6,0,0,1,1
899,?GetWindowTextW@CWnd@@QBEXAAV?$CStringT@_WV?$StrTraitMFC_DLL@_WV?$ChTraitsCRT@_W@ATL@@@@@ATL@@@Z,6,0,0,1,1
900,?GetSystemMenu@CWnd@@QBEPAVCMenu@@H@Z,6,0,0,1,1
901,?IsIconic@CWnd@@QBEHXZ,6,0,0,1,1
902,?GetClientRect@CWnd@@QBEXPAUtagRECT@@@Z,6,0,0,1,1
903,?EnableWindow@CWnd@@QAEHH@Z,6,0,0,1,1
904,?MessageBoxW@CWnd@@QAEHPB_W0I@Z,6,0,0,1,1
905,?SetIcon@CWnd@@QAEPAUHICON__@@PAU2@H@Z,6,0,0,1,1
906,?OnClose@CWnd@@IAEXXZ,6,0,0,1,1
907,?OnSysCommand@CWnd@@IAEXIJ@Z,6,0,0,1,1
908,?GetDefID@CDialog@@QBEKXZ,6,0,0,1,1
909,?OnPaint@CDialog@@IAEXXZ,6,0,0,1,1
910,??0CStatic@@QAE@XZ,6,0,0,1,1
911,??1CStatic@@UAE@XZ,6,0,0,1,1
912,?GetCheck@CButton@@QBEHXZ,6,0,0,1,1
913,?SetCheck@CButton@@QAEXH@Z,6,0,0,1,1
914,??0CComboBox@@QAE@XZ,6,0,0,1,1
915,?GetCount@CComboBox@@QBEHXZ,6,0,0,1,1
916,?GetCurSel@CComboBox@@QBEHXZ,6,0,0,1,1
917,?SetCurSel@CComboBox@@QAEHH@Z,6,0,0,1,1
918,?GetItemDataPtr@CComboBox@@QBEPAXH@Z,6,0,0,1,1
919,?SetItemDataPtr@CComboBox@@QAEHHPAX@Z,6,0,0,1,1
920,?AddString@CComboBox@@QAEHPB_W@Z,6,0,0,1,1
921,?DeleteString@CComboBox@@QAEHI@Z,6,0,0,1,1
922,?ResetContent@CComboBox@@QAEXXZ,6,0,0,1,1
923,??1CComboBox@@UAE@XZ,6,0,0,1,1
924,?AfxGetApp@@YGPAVCWinApp@@XZ,6,0,0,1,1
925,?LoadIconW@CWinApp@@QBEPAUHICON__@@I@Z,6,0,0,1,1
926,??2@YAPAXI@Z,6,0,0,1,1
927,??_U@YAPAXI@Z,6,0,0,1,1
928,??_V@YAXPAX@Z,6,0,0,1,1
929,??1CComBSTR@ATL@@QAE@XZ,51,0,1,20,1
930,??1stringdispid@CComTypeInfoHolder@ATL@@QAE@XZ,36,0,2,13,1
931,??_Estringdispid@CComTypeInfoHolder@ATL@@QAEPAXI@Z,123,0,5,43,4
932,_IsolationAwareActivateActCtx@8,118,0,2,37,3
933,_IsolationAwareCreateActCtxW@4,114,0,2,35,3
934,_IsolationAwareDeactivateActCtx@8,118,0,2,37,3
935,_IsolationAwareFindActCtxSectionStringW@20,130,0,2,43,3
936,_IsolationAwarePrivatenPgViNgRzlnPgpgk@4,209,0,3,59,13
937,_IsolationAwarePrivatezltRgCebPnQQeRff@12,132,0,1,46,4
938,_IsolationAwarePrivatezltRgzbQhYRuNaQYRJ@4,35,0,1,14,1
939,_IsolationAwarePrivatezltRgzbQhYRuNaQYRn@4,35,0,1,14,1
940,_IsolationAwareQueryActCtxW@28,138,0,2,47,3
941,_IsolationAwareUnregisterClassW@8,400,0,4,105,8
942,_WinbaseIsolationAwarePrivatetRgCebPnQQeRff_xReaRYQP_QYY@4,33,0,2,11,1
943,_WinbaseIsolationAwarePrivatetRgzlnPgpgk@0,844,0,9,174,18
944,pre_c_init,136,0,4,34,3
945,pre_cpp_init,88,0,2,23,2
946,_NtCurrentTeb,11,0,0,5,1
947,__tmainCRTStartup,696,0,7,194,22
948,check_managed_app,130,0,0,42,6
949,_wWinMainCRTStartup,15,0,2,6,1
950,___atonexitinit,169,0,0,50,8
951,__onexit,248,0,3,77,2
952,_atexit,43,0,1,16,2
953,_memset,6,0,0,1,1
954,_wcscpy_s,6,0,0,1,1
955,_wcslen,6,0,0,1,1
956,_swprintf_s,6,0,0,1,1
957,__snwprintf_s,6,0,0,1,1
958,__vsnwprintf_s,6,0,0,1,1
959,__vscwprintf,6,0,0,1,1
960,_free,6,0,0,1,1
961,_malloc,6,0,0,1,1
962,__CrtDbgReportW,6,0,0,1,1
963,@_RTC_AllocaHelper@12,50,0,0,27,4
964,@_RTC_CheckStackVars2@12,209,0,2,78,15
965,@_RTC_CheckStackVars@8,88,0,1,37,5
966,__RTC_CheckEsp,37,0,1,23,1
967,@__security_check_cookie@4,15,0,1,4,1
968,__RTC_InitBase,41,0,2,13,2
969,__RTC_Shutdown,19,0,1,8,1
970,___CxxFrameHandler3,6,0,0,1,1
971,__chkstk,43,0,0,19,2
972,??0type_info@@AAE@ABV0@@Z,25,0,0,10,1
973,??4type_info@@AAEAAV0@ABV0@@Z,16,0,0,8,1
974,??_Etype_info@@UAEPAXI@Z,106,0,3,39,4
975,___raise_securityfailure,70,0,3,21,2
976,___report_gsfailure,259,0,2,52,2
977,___report_rangecheckfailure,12,0,1,6,1
978,___report_securityfailure,210,0,2,44,2
979,___report_securityfailureEx,293,0,2,70,6
980,_memcmp,6,0,0,1,1
981,_wcscmp,6,0,0,1,1
982,_wcsncat_s,6,0,0,1,1
983,_wcstok_s,6,0,0,1,1
984,__wcsnicmp,6,0,0,1,1
985,_wcsncpy_s,6,0,0,1,1
986,??_M@YGXPAXIHP6EX0@Z@Z,172,0,1,58,3
987,ArrayUnwindFilter,44,0,1,17,1
988,?__ArrayUnwind@@YGXPAXIHP6EX0@Z@Z,138,0,1,47,3
989,__except_handler4,39,0,1,16,1
990,?__CxxUnhandledExceptionFilter@@YGJPAU_EXCEPTION_POINTERS@@@Z,101,0,1,30,6
991,___CxxSetUnhandledExceptionFilter,20,0,1,8,1
992,__XcptFilter,6,0,0,1,1
993,___crtGetShowWindowMode,6,0,0,1,1
994,__amsg_exit,6,0,0,1,1
995,__wsetargv,7,0,0,5,1
996,___wgetmainargs,6,0,0,1,1
997,___set_app_type,6,0,0,1,1
998,__CrtSetCheckCount,6,0,0,1,1
999,__FindPESection,115,0,0,41,4
1000,__IsNonwritableInCurrentImage,299,0,2,86,8
1001,__ValidateImageBase,93,0,0,33,4
1002,_exit_0,6,0,0,1,1
1003,__exit,6,0,0,1,1
1004,__cexit,6,0,0,1,1
1005,___security_init_cookie,221,0,0,61,5
1006,__matherr,7,0,0,5,1
1007,__RTC_Initialize,37,0,0,15,4
1008,__RTC_Terminate,37,0,0,15,4
1009,__configthreadlocale,6,0,0,1,1
1010,__invoke_watson_if_error,38,0,1,18,2
1011,__setdefaultprecision,53,0,2,17,1
1012,___setusermatherr,6,0,0,1,1
1013,__initterm_e,6,0,0,1,1
1014,__initterm,6,0,0,1,1
1015,__lock,6,0,0,1,1
1016,__unlock,6,0,0,1,1
1017,__calloc_dbg,6,0,0,1,1
1018,___dllonexit,6,0,0,1,1
1019,DebuggerProbe,153,0,0,51,2
1020,DebuggerRuntime,171,0,0,57,2
1021,?_RTC_AllocaFailure@@YAXPAXPAU_RTC_ALLOCA_NODE@@H@Z,374,0,4,116,7
1022,?_RTC_Failure@@YAXPAXH@Z,78,0,1,28,2
1023,?_RTC_StackFailure@@YAXPAXPBD@Z,256,0,3,86,9
1024,_getMemBlockDataString,104,0,0,44,3
1025,_strlen_priv,20,0,0,12,2
1026,failwithmessage,495,0,6,150,14
1027,__RTC_UninitUse,238,0,3,85,9
1028,?_RTC_GetErrorFunc@@YAP6AHHPBDH00ZZPBX@Z,6,0,0,2,1
1029,?_RTC_GetErrorFuncW@@YAP6AHHPB_WH00ZZPBX@Z,6,0,0,2,1
1030,__RTC_GetErrDesc,24,0,0,11,1
1031,__RTC_NumErrors,6,0,0,2,1
1032,__RTC_SetErrorFunc,29,0,0,8,1
1033,__RTC_SetErrorFuncW,29,0,0,8,1
1034,__RTC_SetErrorType,35,0,0,13,1
1035,__CRT_RTC_INITW,6,0,0,1,1
1036,??1type_info@@UAE@XZ_0,6,0,0,1,1
1037,__crt_debugger_hook,6,0,0,1,1
1038,___crtUnhandledException,6,0,0,1,1
1039,___crtTerminateProcess,6,0,0,1,1
1040,?terminate@@YAXXZ_0,6,0,0,1,1
1041,__except_handler4_common,6,0,0,1,1
1042,___crtSetUnhandledExceptionFilter,6,0,0,1,1
1043,__invoke_watson,6,0,0,1,1
1044,__controlfp_s,6,0,0,1,1
1045,GetPdbDll,310,0,3,98,13
1046,GetPdbDllFromInstallPath,555,0,1,162,16
1047,GetPdbDllPathFromFilePath,207,0,4,72,3
1048,?_RTC_GetSrcLine@@YAHPAEPA_WKPAH1K@Z,686,0,1,266,33
1049,__wmakepath_s,6,0,0,1,1
1050,__wsplitpath_s,6,0,0,1,1
1051,_DecodePointer@4,6,0,0,1,1
1052,_RaiseException@16,6,0,0,1,1
1053,_GetLastError@0,6,0,0,1,1
1054,_HeapDestroy@4,6,0,0,1,1
1055,_HeapAlloc@12,6,0,0,1,1
1056,_HeapReAlloc@16,6,0,0,1,1
1057,_HeapFree@12,6,0,0,1,1
1058,_HeapSize@12,6,0,0,1,1
1059,_GetProcessHeap@0,6,0,0,1,1
1060,_InitializeCriticalSectionEx@12,6,0,0,1,1
1061,_DeleteCriticalSection@4,6,0,0,1,1
1062,_GetFileAttributesW@4,6,0,0,1,1
1063,_CloseHandle@4,6,0,0,1,1
1064,_SetEvent@4,6,0,0,1,1
1065,_CreateEventW@16,6,0,0,1,1
1066,_Sleep@4,6,0,0,1,1
1067,_OutputDebugStringA@4,6,0,0,1,1
1068,_SetLastError@4,6,0,0,1,1
1069,_InitializeCriticalSectionAndSpinCount@8,6,0,0,1,1
1070,_GetModuleFileNameW@12,6,0,0,1,1
1071,_GetModuleHandleA@4,6,0,0,1,1
1072,_GetModuleHandleW@4,6,0,0,1,1
1073,_GetProcAddress@8,6,0,0,1,1
1074,_LoadLibraryW@4,6,0,0,1,1
1075,_EncodePointer@4,6,0,0,1,1
1076,_IsDebuggerPresent@0,6,0,0,1,1
1077,_IsProcessorFeaturePresent@4,6,0,0,1,1
1078,_QueryPerformanceCounter@4,6,0,0,1,1
1079,_GetCurrentProcessId@0,6,0,0,1,1
1080,_GetCurrentThreadId@0,6,0,0,1,1
1081,_GetSystemTimeAsFileTime@4,6,0,0,1,1
1082,_LoadLibraryExW@12,6,0,0,1,1
1083,_MultiByteToWideChar@24,6,0,0,1,1
1084,_WideCharToMultiByte@32,6,0,0,1,1
1085,_VirtualQuery@12,6,0,0,1,1
1086,_FreeLibrary@4,6,0,0,1,1
1087,_UnregisterClassW@8,6,0,0,1,1
1088,_TranslateMessage@4,6,0,0,1,1
1089,_DispatchMessageW@4,6,0,0,1,1
1090,_PeekMessageW@20,6,0,0,1,1
1091,_MsgWaitForMultipleObjectsEx@20,6,0,0,1,1
1092,_GetSystemMetrics@4,6,0,0,1,1
1093,_GetClassNameW@12,6,0,0,1,1
1094,_MessageBoxW@16,6,0,0,1,1
1095,??$?2PAUHINSTANCE__@@@Wrapper@?$CSimpleArray@PAUHINSTANCE__@@V?$CSimpleArrayEqualHelper@PAUHINSTANCE__@@@ATL@@@ATL@@SAPAXIPAPAUHINSTANCE__@@@Z,8,0,0,5,1
1096,??0?$CComCritSecLock@VCComCriticalSection@ATL@@@ATL@@QAE@AAVCComCriticalSection@1@_N@Z,39,0,0,16,2
1097,??0?$CSimpleArray@PAUHINSTANCE__@@V?$CSimpleArrayEqualHelper@PAUHINSTANCE__@@@ATL@@@ATL@@QAE@XZ,13,0,0,6,1
1098,??0CAtlBaseModule@ATL@@QAE@XZ,83,0,2,22,3
1099,??0Wrapper@?$CSimpleArray@PAUHINSTANCE__@@V?$CSimpleArrayEqualHelper@PAUHINSTANCE__@@@ATL@@@ATL@@QAE@ABQAUHINSTANCE__@@@Z,16,0,0,8,1
1100,??0_ATL_BASE_MODULE70@ATL@@QAE@XZ,35,0,1,17,1
1101,??1?$CComCritSecLock@VCComCriticalSection@ATL@@@ATL@@QAE@XZ,23,0,0,9,2
1102,??1?$CSimpleArray@PAUHINSTANCE__@@V?$CSimpleArrayEqualHelper@PAUHINSTANCE__@@@ATL@@@ATL@@QAE@XZ,5,0,1,1,1
1103,??1CAtlBaseModule@ATL@@QAE@XZ,22,0,1,8,1
1104,??1_ATL_BASE_MODULE70@ATL@@QAE@XZ,8,0,1,2,1
1105,??A?$CSimpleArray@PAUHINSTANCE__@@V?$CSimpleArrayEqualHelper@PAUHINSTANCE__@@@ATL@@@ATL@@QAEAAPAUHINSTANCE__@@H@Z,42,0,0,17,2
1106,?Add@?$CSimpleArray@PAUHINSTANCE__@@V?$CSimpleArrayEqualHelper@PAUHINSTANCE__@@@ATL@@@ATL@@QAEHABQAUHINSTANCE__@@@Z,120,0,2,55,8
1107,?AddResourceInstance@CAtlBaseModule@ATL@@QAE_NPAUHINSTANCE__@@@Z,51,0,1,23,1
1108,?AtlCrtErrorCheck@ATL@@YAHH@Z,59,0,1,23,6
1109,?AtlThrowImpl@ATL@@YGXJ@Z,38,0,0,14,1
1110,?GetHInstanceAt@CAtlBaseModule@ATL@@QAEPAUHINSTANCE__@@H@Z,69,0,1,30,4
1111,?GetSize@?$CSimpleArray@PAUHINSTANCE__@@V?$CSimpleArrayEqualHelper@PAUHINSTANCE__@@@ATL@@@ATL@@QBEHXZ,4,0,0,2,1
1112,?InternalSetAtIndex@?$CSimpleArray@PAUHINSTANCE__@@V?$CSimpleArrayEqualHelper@PAUHINSTANCE__@@@ATL@@@ATL@@QAEXHABQAUHINSTANCE__@@@Z,26,0,0,12,2
1113,?Lock@?$CComCritSecLock@VCComCriticalSection@ATL@@@ATL@@QAEJXZ,19,0,0,8,1
1114,?Lock@CComCriticalSection@ATL@@QAEJXZ,10,0,0,4,1
1115,?RemoveAll@?$CSimpleArray@PAUHINSTANCE__@@V?$CSimpleArrayEqualHelper@PAUHINSTANCE__@@@ATL@@@ATL@@QAEXXZ,29,0,1,12,2
1116,?RemoveAt@?$CSimpleArray@PAUHINSTANCE__@@V?$CSimpleArrayEqualHelper@PAUHINSTANCE__@@@ATL@@@ATL@@QAEHH@Z,72,0,1,35,4
1117,?RemoveResourceInstance@CAtlBaseModule@ATL@@QAE_NPAUHINSTANCE__@@@Z,95,0,2,42,4
1118,?Unlock@?$CComCritSecLock@VCComCriticalSection@ATL@@@ATL@@QAEXXZ,17,0,0,7,1
1119,?Unlock@CComCriticalSection@ATL@@QAEJXZ,10,0,0,4,1
1120,?memmove_s@Checked@ATL@@YAXPAXIPBXI@Z,31,0,2,12,1
1121,??_I@YGXPAXIHP6EX0@Z@Z,38,0,0,19,2
1122,_CoUninitialize@0,6,0,0,1,1
1123,_CoInitialize@4,6,0,0,1,1
1124,_CoCreateInstance@20,6,0,0,1,1
1125,_SysFreeString@4,6,0,0,1,1
1126,_SafeArrayDestroy@4,6,0,0,1,1
1127,_SafeArrayPutElement@12,6,0,0,1,1
1128,_VariantInit@4,6,0,0,1,1
1129,_VariantClear@4,6,0,0,1,1
1130,_VariantCopy@8,6,0,0,1,1
1131,_VariantChangeType@16,6,0,0,1,1
1132,_SysAllocString@4,6,0,0,1,1
1133,_SafeArrayCreate@12,6,0,0,1,1
1134,_SafeArrayGetUBound@12,6,0,0,1,1
1135,_SafeArrayGetLBound@12,6,0,0,1,1
1136,_SafeArrayGetElement@12,6,0,0,1,1
1137,?AfxInitialize@@YGHHK@Z,84,0,3,27,3
1138,_wWinMain@16,35,0,2,15,1
1139,__recalloc,6,0,0,1,1
1140,_memmove_s,6,0,0,1,1
1141,_OutputDebugStringW@4,6,0,0,1,1
1142,_EnterCriticalSection@4,6,0,0,1,1
1143,_LeaveCriticalSection@4,6,0,0,1,1
1144,?AfxGetModuleState@@YGPAVAFX_MODULE_STATE@@XZ,6,0,0,1,1
1145,?AfxWinMain@@YGHPAUHINSTANCE__@@0PA_WH@Z,6,0,0,1,1
1146,__ehhandler$??0CDeviceProp@@QAE@PAUIUPnPDevice@@PAVCWnd@@@Z,30,0,2,7,1
1147,__ehhandler$??0_ATL_WIN_MODULE70@ATL@@QAE@XZ,30,0,2,7,1
1148,__ehhandler$??1CAtlComModule@ATL@@QAE@XZ,30,0,2,7,1
1149,__ehhandler$??1CAtlWinModule@ATL@@QAE@XZ,30,0,2,7,1
1150,__ehhandler$??1CDeviceProp@@UAE@XZ,30,0,2,7,1
1151,__ehhandler$??1_ATL_WIN_MODULE70@ATL@@QAE@XZ,30,0,2,7,1
1152,__ehhandler$?TraceV@CTrace@ATL@@SAXPBDHIIPB_WPAD@Z,30,0,2,7,1
1153,__ehhandler$?InitInstance@CGenericUCPApp@@UAEHXZ,30,0,2,7,1
1154,__ehhandler$??0CGenericUCPDlg@@QAE@PAVCWnd@@@Z,30,0,2,7,1
1155,__ehhandler$??1CGenericUCPDlg@@UAE@XZ,30,0,2,7,1
1156,__ehhandler$?Create@CDeviceFinderCallback@@SAPAV1@XZ,30,0,2,7,1
1157,__ehhandler$?Create@CServiceCallback@@SAPAV1@XZ,30,0,2,7,1
1158,__ehhandler$?InitializeDevTypeArray@CGenericUCPDlg@@AAEXXZ,30,0,2,7,1
1159,__ehhandler$?InitializeUDNList@CGenericUCPDlg@@AAEXXZ,30,0,2,7,1
1160,__ehhandler$?OnAppAbout@CGenericUCPDlg@@IAEXXZ,30,0,2,7,1
1161,__ehhandler$?OnDevpropClick@CGenericUCPDlg@@IAEXXZ,30,0,2,7,1
1162,__ehhandler$?OnDiscoveryClicked@CGenericUCPDlg@@IAEXXZ,30,0,2,7,1
1163,__ehhandler$?OnInitDialog@CGenericUCPDlg@@MAEHXZ,30,0,2,7,1
1164,__ehhandler$?OnInvokeAction@CGenericUCPDlg@@IAEXXZ,40,0,2,10,1
1165,__ehhandler$?OnInvokeAsyncAction@CGenericUCPDlg@@AAEXPA_WHUtagVARIANT@@@Z,40,0,2,10,1
1166,__ehhandler$?OnPaint@CGenericUCPDlg@@IAEXXZ,40,0,2,10,1
1167,__ehhandler$?OnQueryVariable@CGenericUCPDlg@@IAEXXZ,30,0,2,7,1
1168,__ehhandler$?OnQueryVariableAsync@CGenericUCPDlg@@AAEXPA_WH@Z,40,0,2,10,1
1169,__ehhandler$?OnSubscribe@CGenericUCPDlg@@IAEXXZ,30,0,2,7,1
1170,__ehhandler$?OnSysCommand@CGenericUCPDlg@@IAEXIJ@Z,30,0,2,7,1
1171,__ehhandler$?OnViewSCPD@CGenericUCPDlg@@IAEXXZ,40,0,2,10,1
1172,__ehhandler$??0CSCPDDisplay@@QAE@PA_WPAVCWnd@@@Z,30,0,2,7,1
1173,__ehhandler$??1CSCPDDisplay@@UAE@XZ,30,0,2,7,1
1174,ATL::_dynamic_atexit_destructor_for___AtlComModule__,60,0,2,21,1
1175,ATL::_dynamic_atexit_destructor_for___AtlWinModule__,60,0,2,21,1
1176,??__FstrHeap@?1??GetInstance@CAtlStringMgr@ATL@@SAPAUIAtlStringMgr@2@XZ@YAXXZ,60,0,2,21,1
1177,??__FstrMgr@?1??GetInstance@CAtlStringMgr@ATL@@SAPAUIAtlStringMgr@2@XZ@YAXXZ,60,0,2,21,1
1178,ATL::_dynamic_atexit_destructor_for___AtlComModule___0,60,0,2,21,1
1179,ATL::_dynamic_atexit_destructor_for___AtlWinModule___0,60,0,2,21,1
1180,_dynamic_atexit_destructor_for__theApp__,60,0,2,21,1
1181,ATL::_dynamic_atexit_destructor_for___AtlComModule___1,60,0,2,21,1
1182,ATL::_dynamic_atexit_destructor_for___AtlWinModule___1,60,0,2,21,1
1183,ATL::_dynamic_atexit_destructor_for___AtlComModule___2,60,0,2,21,1
1184,ATL::_dynamic_atexit_destructor_for___AtlWinModule___2,60,0,2,21,1
1185,ATL::_dynamic_atexit_destructor_for___AtlComModule___3,60,0,2,21,1
1186,ATL::_dynamic_atexit_destructor_for___AtlWinModule___3,60,0,2,21,1
1187,ATL::_dynamic_atexit_destructor_for___AtlComModule___4,60,0,2,21,1
1188,ATL::_dynamic_atexit_destructor_for___AtlWinModule___4,60,0,2,21,1
1189,ATL::_dynamic_atexit_destructor_for___AtlComModule___5,22,0,2,8,1
1190,ATL::_dynamic_atexit_destructor_for___AtlWinModule___5,22,0,2,8,1
1191,ATL::_dynamic_atexit_destructor_for___AtlComModule___6,22,0,2,8,1
1192,ATL::_dynamic_atexit_destructor_for___AtlWinModule___6,22,0,2,8,1
1193,ATL::_dynamic_atexit_destructor_for___AtlBaseModule__,10,0,1,2,1
1194,ATL::_dynamic_atexit_destructor_for___AtlComModule___7,22,0,2,8,1
1195,ATL::_dynamic_atexit_destructor_for___AtlWinModule___7,22,0,2,8,1
